StudyID,Age,Gender,StorybookVersion,DelayCondition,Trial,Animal,TrialAccuracy,Begin,End,ReactionTime,Answer,AnswerType,sumaccuracy,trialamount,OverallAccuracy
AMP005,3.62739726,F,4,1,1,monkey,0,3883.384,3884.638,0.2543908,beach,foil,3,8,0.375
AMP005,3.62739726,F,4,1,2,dog,0,3892.794,3897.864,4.069328,baseball,incorrect2,3,8,0.375
AMP005,3.62739726,F,4,1,3,cow,0,3905.994,3911.24,4.245644,pool,foil,3,8,0.375
AMP005,3.62739726,F,4,1,4,pig,1,3919.367,3924.448,4.080886,tent,correct,3,8,0.375
AMP005,3.62739726,F,4,1,5,cat,1,3932.493,3937.725,4.231143,baseball,correct,3,8,0.375
AMP005,3.62739726,F,4,1,6,bear,0,3944.323,3950.199,4.875827,library,foil,3,8,0.375
AMP005,3.62739726,F,4,1,7,sheep,0,3958.287,3965.076,5.788207,bouncehouse,incorrect1,3,8,0.375
AMP005,3.62739726,F,4,1,8,lion,1,3971.727,3978.068,5.339987,barn,correct,3,8,0.375
AMP024,3.038356164,M,1,1,1,bear,1,2679.376,2683.968,3.591265,pool,correct,5,8,0.625
AMP024,3.038356164,M,1,1,2,monkey,1,2692.149,2698.961,5.811798,candy,correct,5,8,0.625
AMP024,3.038356164,M,1,1,3,pig,1,2705.615,2712.186,5.571445,mountain,correct,5,8,0.625
AMP024,3.038356164,M,1,1,4,dog,0,2718.801,2726.663,6.861174,movie,foil,5,8,0.625
AMP024,3.038356164,M,1,1,5,lion,1,2733.305,2740.94,6.633517,grocery,correct,5,8,0.625
AMP024,3.038356164,M,1,1,6,cat,0,2749.059,2755.983,5.92304,bouncehouse,foil,5,8,0.625
AMP024,3.038356164,M,1,1,7,cow,1,2764.117,2769.608,4.490888,bedroom,correct,5,8,0.625
AMP024,3.038356164,M,1,1,8,sheep,0,2777.725,2783.201,4.475448,subway,foil,5,8,0.625
AMP062,4.084931507,M,3,1,1,bear,1,73913.36,73917.48,3.117334,castle,correct,8,8,1
AMP062,4.084931507,M,3,1,2,monkey,1,73925.59,73931.25,4.659078,subway,correct,8,8,1
AMP062,4.084931507,M,3,1,3,pig,1,73937.88,73941.63,2.744765,baseball,correct,8,8,1
AMP062,4.084931507,M,3,1,4,dog,1,73948.19,73952.77,3.576807,bouncehouse,correct,8,8,1
AMP062,4.084931507,M,3,1,5,lion,1,73960.87,73965.09,3.225032,movie,correct,8,8,1
AMP062,4.084931507,M,3,1,6,cat,1,73973.2,73977.77,3.570106,museum,correct,8,8,1
AMP062,4.084931507,M,3,1,7,cow,1,73985.89,73990.13,3.23377,basketball,correct,8,8,1
AMP062,4.084931507,M,3,1,8,sheep,1,73998.29,74002.42,3.127072,bowling,correct,8,8,1
AMP133,3.939726027,F,4,1,1,pig,0,4410.042,4425.176,14.13436,bouncehouse,incorrect2,7,8,0.875
AMP133,3.939726027,F,4,1,2,dog,1,4433.354,4440.987,6.632936,bowling,correct,7,8,0.875
AMP133,3.939726027,F,4,1,3,monkey,1,4447.684,4452.277,3.593227,bouncehouse,correct,7,8,0.875
AMP133,3.939726027,F,4,1,4,cow,1,4459.056,4465.52,5.463067,castle,correct,7,8,0.875
AMP133,3.939726027,F,4,1,5,cat,1,4473.684,4478.245,3.560288,baseball,correct,7,8,0.875
AMP133,3.939726027,F,4,1,6,bear,1,4486.449,4492.371,4.921252,museum,correct,7,8,0.875
AMP133,3.939726027,F,4,1,7,sheep,1,4500.583,4506.731,5.147106,basketball,correct,7,8,0.875
AMP133,3.939726027,F,4,1,8,lion,1,4515.057,4519.439,3.382044,barn,correct,7,8,0.875
AMP087,4.131506849,F,3,1,1,bear,0,68093.77,68098.46,3.685612,movie,incorrect2,6,8,0.75
AMP087,4.131506849,F,3,1,2,monkey,1,68107.5,68112.12,3.620707,subway,correct,6,8,0.75
AMP087,4.131506849,F,3,1,3,pig,1,68119.11,68124.89,4.784511,baseball,correct,6,8,0.75
AMP087,4.131506849,F,3,1,4,dog,1,68131.67,68135.45,2.781759,bouncehouse,correct,6,8,0.75
AMP087,4.131506849,F,3,1,5,lion,0,68143.76,68148.31,3.544812,castle,incorrect2,6,8,0.75
AMP087,4.131506849,F,3,1,6,cat,1,68156.81,68163.62,5.806393,museum,correct,6,8,0.75
AMP087,4.131506849,F,3,1,7,cow,1,68171.82,68179.01,6.19059,basketball,correct,6,8,0.75
AMP087,4.131506849,F,3,1,8,sheep,1,68187.36,68191.19,2.824757,bowling,correct,6,8,0.75
AMP083,5.567123288,M,2,1,1,cow,1,1240.599,1243.568,1.968954,pool,correct,8,8,1
AMP083,5.567123288,M,2,1,2,dog,1,1251.744,1258.946,6.201585,car,correct,8,8,1
AMP083,5.567123288,M,2,1,3,sheep,1,1267.089,1274.339,6.250262,bedroom,correct,8,8,1
AMP083,5.567123288,M,2,1,4,pig,1,1280.936,1288.398,6.462334,playground,correct,8,8,1
AMP083,5.567123288,M,2,1,5,cat,1,1296.516,1307.545,10.02786,mountain,correct,8,8,1
AMP083,5.567123288,M,2,1,6,lion,1,1315.715,1321.337,4.621538,street,correct,8,8,1
AMP083,5.567123288,M,2,1,7,monkey,1,1327.997,1331.027,2.029688,beach,correct,8,8,1
AMP083,5.567123288,M,2,1,8,bear,1,1339.236,1342.184,1.948062,library,correct,8,8,1
AMP099,3.323287671,F,1,1,1,cow,1,3112.149,3119.442,6.292872,bedroom,correct,4,8,0.5
AMP099,3.323287671,F,1,1,2,cat,0,3127.616,3130.816,2.199365,bouncehouse,foil,4,8,0.5
AMP099,3.323287671,F,1,1,3,lion,1,3138.937,3142.724,2.786341,grocery,correct,4,8,0.5
AMP099,3.323287671,F,1,1,4,pig,0,3150.87,3155.616,3.745787,car,incorrect1,4,8,0.5
AMP099,3.323287671,F,1,1,5,sheep,0,3163.739,3183.035,18.29457,library,incorrect1,4,8,0.5
AMP099,3.323287671,F,1,1,6,monkey,1,3189.68,3193.308,2.627534,candy,correct,4,8,0.5
AMP099,3.323287671,F,1,1,7,bear,1,3201.401,3208.801,6.399721,pool,correct,4,8,0.5
AMP099,3.323287671,F,1,1,8,dog,0,3216.861,3229.532,11.67089,movie,foil,4,8,0.5
AMP026,3.660273973,F,4,1,1,pig,1,81909.31,81918.66,8.3552,tent,correct,7,8,0.875
AMP026,3.660273973,F,4,1,2,dog,1,81926.8,81930.3,2.506911,bowling,correct,7,8,0.875
AMP026,3.660273973,F,4,1,3,monkey,1,81937.03,81939.91,1.883984,bouncehouse,correct,7,8,0.875
AMP026,3.660273973,F,4,1,4,cow,1,81946.57,81949.78,2.217639,castle,correct,7,8,0.875
AMP026,3.660273973,F,4,1,5,cat,1,81957.92,81961.16,2.234394,baseball,correct,7,8,0.875
AMP026,3.660273973,F,4,1,6,bear,1,81969.33,81974.32,3.983302,museum,correct,7,8,0.875
AMP026,3.660273973,F,4,1,7,sheep,0,81982.89,81987.14,3.254886,barn,incorrect2,7,8,0.875
AMP026,3.660273973,F,4,1,8,lion,1,81995.4,81999.83,3.43932,barn,correct,7,8,0.875
AMP114,5.336986301,M,2,1,1,pig,1,2327.394,2333.725,5.330169,playground,correct,8,8,1
AMP114,5.336986301,M,2,1,2,dog,1,2342.714,2346.433,2.718695,car,correct,8,8,1
AMP114,5.336986301,M,2,1,3,monkey,1,2353.319,2355.589,1.269679,beach,correct,8,8,1
AMP114,5.336986301,M,2,1,4,cow,1,2362.454,2367.114,3.659533,pool,correct,8,8,1
AMP114,5.336986301,M,2,1,5,cat,1,2375.461,2379.322,2.860041,mountain,correct,8,8,1
AMP114,5.336986301,M,2,1,6,bear,1,2387.785,2391.129,2.343911,library,correct,8,8,1
AMP114,5.336986301,M,2,1,7,sheep,1,2399.376,2407.807,7.430785,bedroom,correct,8,8,1
AMP114,5.336986301,M,2,1,8,lion,1,2416.079,2419.598,2.51904,street,correct,8,8,1
AMP023,4.673972603,M,3,1,1,bear,1,3015.277,3019.421,3.143049,castle,correct,8,8,1
AMP023,4.673972603,M,3,1,2,monkey,1,3027.578,3032.013,3.434992,subway,correct,8,8,1
AMP023,4.673972603,M,3,1,3,pig,1,3038.7,3041.302,1.601491,baseball,correct,8,8,1
AMP023,4.673972603,M,3,1,4,dog,1,3047.867,3051.292,2.424551,bouncehouse,correct,8,8,1
AMP023,4.673972603,M,3,1,5,lion,1,3059.417,3062.45,2.03197,movie,correct,8,8,1
AMP023,4.673972603,M,3,1,6,cat,1,3070.608,3074.641,3.032979,museum,correct,8,8,1
AMP023,4.673972603,M,3,1,7,cow,1,3082.781,3086.799,3.01781,basketball,correct,8,8,1
AMP023,4.673972603,M,3,1,8,sheep,1,3094.984,3099.241,3.256606,bowling,correct,8,8,1
AMP106,5.945205479,M,1,1,1,lion,1,10159.49,10164.46,3.978287,grocery,correct,8,8,1
AMP106,5.945205479,M,1,1,2,cat,1,10172.54,10176.32,2.786515,library,correct,8,8,1
AMP106,5.945205479,M,1,1,3,pig,1,10184.4,10190.51,5.10995,mountain,correct,8,8,1
AMP106,5.945205479,M,1,1,4,dog,1,10197.08,10201.26,3.177988,beach,correct,8,8,1
AMP106,5.945205479,M,1,1,5,cow,1,10207.86,10211.03,2.165096,bedroom,correct,8,8,1
AMP106,5.945205479,M,1,1,6,sheep,1,10219.1,10222.57,2.469706,car,correct,8,8,1
AMP106,5.945205479,M,1,1,7,bear,1,10230.65,10235.64,3.998167,pool,correct,8,8,1
AMP106,5.945205479,M,1,1,8,monkey,1,10243.75,10248.57,3.817567,candy,correct,8,8,1
AMP021,4.64109589,F,3,1,1,bear,1,13187.57,13194.91,6.337678,castle,correct,8,8,1
AMP021,4.64109589,F,3,1,2,monkey,1,13203.05,13208.61,4.567721,subway,correct,8,8,1
AMP021,4.64109589,F,3,1,3,pig,1,13215.23,13220.79,4.557958,baseball,correct,8,8,1
AMP021,4.64109589,F,3,1,4,dog,1,13227.34,13231.78,3.442283,bouncehouse,correct,8,8,1
AMP021,4.64109589,F,3,1,5,lion,1,13239.9,13245.04,4.143195,movie,correct,8,8,1
AMP021,4.64109589,F,3,1,6,cat,1,13253.16,13258.8,4.63452,museum,correct,8,8,1
AMP021,4.64109589,F,3,1,7,cow,1,13266.94,13272.77,4.837374,basketball,correct,8,8,1
AMP021,4.64109589,F,3,1,8,sheep,1,13280.95,13285.37,3.41401,bowling,correct,8,8,1
AMP077,5,M,4,1,1,monkey,1,4430.607,4436.304,4.696294,bouncehouse,correct,8,8,1
AMP077,5,M,4,1,2,sheep,1,4444.459,4449.663,4.203637,basketball,correct,8,8,1
AMP077,5,M,4,1,3,dog,1,4457.85,4463.273,4.422705,bowling,correct,8,8,1
AMP077,5,M,4,1,4,cow,1,4469.91,4479.25,8.33918,castle,correct,8,8,1
AMP077,5,M,4,1,5,pig,1,4487.443,4492.275,3.831438,tent,correct,8,8,1
AMP077,5,M,4,1,6,cat,1,4498.875,4503.582,3.706839,baseball,correct,8,8,1
AMP077,5,M,4,1,7,lion,1,4511.851,4517.125,4.273422,barn,correct,8,8,1
AMP077,5,M,4,1,8,bear,1,4525.278,4529.333,3.054686,museum,correct,8,8,1
AMP080,3.063013699,M,1,1,1,bear,1,23767.33,23780.34,12.00769,pool,correct,7,8,0.875
AMP080,3.063013699,M,1,1,2,monkey,1,23788.49,23794.45,4.954122,candy,correct,7,8,0.875
AMP080,3.063013699,M,1,1,3,pig,1,23801.06,23809.12,7.063943,mountain,correct,7,8,0.875
AMP080,3.063013699,M,1,1,4,dog,0,23815.71,23826.13,9.420971,movie,foil,7,8,0.875
AMP080,3.063013699,M,1,1,5,lion,1,23832.76,23838.21,4.450421,grocery,correct,7,8,0.875
AMP080,3.063013699,M,1,1,6,cat,1,23846.31,23852.22,4.906163,library,correct,7,8,0.875
AMP080,3.063013699,M,1,1,7,cow,1,23860.34,23866.38,5.036733,bedroom,correct,7,8,0.875
AMP080,3.063013699,M,1,1,8,sheep,1,23874.46,23879.14,3.672906,car,correct,7,8,0.875
AMP127,5.550684932,F,2,1,1,bear,0,77391.51,77396.27,3.753057,car,incorrect2,6,8,0.75
AMP127,5.550684932,F,2,1,2,sheep,1,77404.37,77412.58,7.203968,bedroom,correct,6,8,0.75
AMP127,5.550684932,F,2,1,3,lion,1,77420.69,77426.24,4.54857,street,correct,6,8,0.75
AMP127,5.550684932,F,2,1,4,pig,1,77434.3,77442.46,7.168819,playground,correct,6,8,0.75
AMP127,5.550684932,F,2,1,5,dog,0,77450.59,77469.15,17.55668,baseball,foil,6,8,0.75
AMP127,5.550684932,F,2,1,6,monkey,1,77477.27,77481.41,3.137867,beach,correct,6,8,0.75
AMP127,5.550684932,F,2,1,7,cow,1,77489.56,77499.32,8.756891,pool,correct,6,8,0.75
AMP127,5.550684932,F,2,1,8,cat,1,77507.4,77513.55,5.150219,mountain,correct,6,8,0.75
AMP059,5.82739726,F,3,1,1,cow,1,193552.5,193557.9,4.420316,basketball,correct,6,8,0.75
AMP059,5.82739726,F,3,1,2,sheep,0,193566.1,193571.9,4.806032,bouncehouse,incorrect2,6,8,0.75
AMP059,5.82739726,F,3,1,3,lion,1,193580,193585.1,4.031188,movie,correct,6,8,0.75
AMP059,5.82739726,F,3,1,4,pig,0,193593.2,193599.2,5.014665,museum,incorrect1,6,8,0.75
AMP059,5.82739726,F,3,1,5,monkey,1,193607.4,193611.5,3.169836,subway,correct,6,8,0.75
AMP059,5.82739726,F,3,1,6,cat,1,193619.7,193627,6.384753,museum,correct,6,8,0.75
AMP059,5.82739726,F,3,1,7,bear,1,193635.3,193643.7,7.440119,castle,correct,6,8,0.75
AMP059,5.82739726,F,3,1,8,dog,1,193651.8,193659.2,6.407298,bouncehouse,correct,6,8,0.75
AMP025,3.517808219,F,4,1,1,sheep,1,195325,195339.1,13.05346,basketball,correct,4,8,0.5
AMP025,3.517808219,F,4,1,2,pig,0,195347.2,195401.8,53.59409,bouncehouse,incorrect2,4,8,0.5
AMP025,3.517808219,F,4,1,3,dog,0,195409.9,195475.1,64.19915,baseball,incorrect2,4,8,0.5
AMP025,3.517808219,F,4,1,4,cat,0,195483.2,195502.5,18.23171,bowling,incorrect2,4,8,0.5
AMP025,3.517808219,F,4,1,5,cow,0,195510.6,195528.4,16.76684,basketball,incorrect1,4,8,0.5
AMP025,3.517808219,F,4,1,6,monkey,1,195536.5,195540.9,3.377916,bouncehouse,correct,4,8,0.5
AMP025,3.517808219,F,4,1,7,bear,1,195549.1,195567.7,17.60455,museum,correct,4,8,0.5
AMP025,3.517808219,F,4,1,8,lion,1,195575.9,195588,11.10143,barn,correct,4,8,0.5
AMP032,5.824657534,F,1,1,1,sheep,0,9566.589,9574.772,7.181346,grocery,incorrect2,6,8,0.75
AMP032,5.824657534,F,1,1,2,cat,1,9582.877,9587.514,3.635883,library,correct,6,8,0.75
AMP032,5.824657534,F,1,1,3,cow,0,9595.616,9603.357,6.739825,castle,foil,6,8,0.75
AMP032,5.824657534,F,1,1,4,lion,1,9611.461,9615.482,3.02014,grocery,correct,6,8,0.75
AMP032,5.824657534,F,1,1,5,bear,1,9622.113,9626.455,3.341759,pool,correct,6,8,0.75
AMP032,5.824657534,F,1,1,6,monkey,1,9634.581,9638.83,3.248979,candy,correct,6,8,0.75
AMP032,5.824657534,F,1,1,7,dog,1,9646.917,9651.339,3.421694,beach,correct,6,8,0.75
AMP032,5.824657534,F,1,1,8,pig,1,9659.492,9665.081,4.588837,mountain,correct,6,8,0.75
AMP105,3.863013699,F,2,1,1,sheep,1,8382.71,8401.4,17.68963,bedroom,correct,8,8,1
AMP105,3.863013699,F,2,1,2,bear,1,8409.586,8415.893,5.306204,library,correct,8,8,1
AMP105,3.863013699,F,2,1,3,monkey,1,8424.063,8430.369,5.305586,beach,correct,8,8,1
AMP105,3.863013699,F,2,1,4,cat,1,8438.475,8445.729,6.25372,mountain,correct,8,8,1
AMP105,3.863013699,F,2,1,5,lion,1,8452.385,8457.537,4.151924,street,correct,8,8,1
AMP105,3.863013699,F,2,1,6,cow,1,8465.707,8472.481,5.773772,pool,correct,8,8,1
AMP105,3.863013699,F,2,1,7,pig,1,8480.56,8487.274,5.713198,playground,correct,8,8,1
AMP105,3.863013699,F,2,1,8,dog,1,8495.388,8502.684,6.295876,car,correct,8,8,1
AMP103,5.775342466,F,3,1,1,monkey,1,21249.07,21261.36,11.28894,subway,correct,8,8,1
AMP103,5.775342466,F,3,1,2,cat,1,21269.49,21275.47,4.979338,museum,correct,8,8,1
AMP103,5.775342466,F,3,1,3,lion,1,21283.59,21291,6.408905,movie,correct,8,8,1
AMP103,5.775342466,F,3,1,4,pig,1,21297.64,21301.41,2.768396,baseball,correct,8,8,1
AMP103,5.775342466,F,3,1,5,dog,1,21309.46,21318.25,7.788344,bouncehouse,correct,8,8,1
AMP103,5.775342466,F,3,1,6,bear,1,21326.38,21328.92,1.544289,castle,correct,8,8,1
AMP103,5.775342466,F,3,1,7,sheep,1,21337.07,21345.03,6.962535,bowling,correct,8,8,1
AMP103,5.775342466,F,3,1,8,cow,1,21353.16,21361.91,7.754352,basketball,correct,8,8,1
AMP065,5.21369863,F,4,1,1,lion,0,3934.258,3939.508,4.249884,castle,incorrect1,6,8,0.75
AMP065,5.21369863,F,4,1,2,monkey,1,3946.188,3953.75,6.561631,bouncehouse,correct,6,8,0.75
AMP065,5.21369863,F,4,1,3,cat,1,3961.957,3968.644,5.68651,baseball,correct,6,8,0.75
AMP065,5.21369863,F,4,1,4,cow,1,3976.835,3983.554,5.719205,castle,correct,6,8,0.75
AMP065,5.21369863,F,4,1,5,dog,1,3991.73,4000.416,7.685626,bowling,correct,6,8,0.75
AMP065,5.21369863,F,4,1,6,bear,1,4008.649,4015.459,5.809436,museum,correct,6,8,0.75
AMP065,5.21369863,F,4,1,7,pig,1,4023.635,4027.917,3.281783,tent,correct,6,8,0.75
AMP065,5.21369863,F,4,1,8,sheep,0,4034.654,4042.494,6.839168,bouncehouse,incorrect1,6,8,0.75
AMP042,5.706849315,F,1,1,1,cat,1,6203.112,6207.896,3.783945,library,correct,8,8,1
AMP042,5.706849315,F,1,1,2,monkey,1,6216.012,6220.438,3.425461,candy,correct,8,8,1
AMP042,5.706849315,F,1,1,3,cow,1,6228.522,6233.197,3.674493,bedroom,correct,8,8,1
AMP042,5.706849315,F,1,1,4,pig,1,6241.303,6245.571,3.267652,mountain,correct,8,8,1
AMP042,5.706849315,F,1,1,5,bear,1,6252.186,6256.729,3.542015,pool,correct,8,8,1
AMP042,5.706849315,F,1,1,6,sheep,1,6264.812,6269.637,3.825387,car,correct,8,8,1
AMP042,5.706849315,F,1,1,7,lion,1,6277.733,6281.779,3.045875,grocery,correct,8,8,1
AMP042,5.706849315,F,1,1,8,dog,1,6289.851,6292.986,2.134589,beach,correct,8,8,1
AMP007,5.41369863,F,2,1,1,dog,1,12399.15,12403.7,3.553502,car,correct,5,8,0.625
AMP007,5.41369863,F,2,1,2,pig,1,12411.82,12418.63,5.807184,playground,correct,5,8,0.625
AMP007,5.41369863,F,2,1,3,lion,1,12426.75,12432.7,4.955202,street,correct,5,8,0.625
AMP007,5.41369863,F,2,1,4,cat,1,12440.84,12454.32,12.48191,mountain,correct,5,8,0.625
AMP007,5.41369863,F,2,1,5,monkey,0,12460.98,12469.35,7.369426,pool,incorrect2,5,8,0.625
AMP007,5.41369863,F,2,1,6,sheep,1,12477.45,12493.95,15.50024,bedroom,correct,5,8,0.625
AMP007,5.41369863,F,2,1,7,cow,0,12502.12,12508.91,5.788801,movie,foil,5,8,0.625
AMP007,5.41369863,F,2,1,8,bear,0,12517.11,12523.18,5.069699,bouncehouse,foil,5,8,0.625
AMP010,5.769863014,F,3,1,1,cat,1,2636.443,2641.195,3.751262,museum,correct,8,8,1
AMP010,5.769863014,F,3,1,2,pig,1,2649.32,2656.523,6.202076,baseball,correct,8,8,1
AMP010,5.769863014,F,3,1,3,sheep,1,2663.233,2670.782,6.548688,bowling,correct,8,8,1
AMP010,5.769863014,F,3,1,4,cow,1,2678.928,2683.524,3.595853,basketball,correct,8,8,1
AMP010,5.769863014,F,3,1,5,lion,1,2691.653,2697.15,4.495673,movie,correct,8,8,1
AMP010,5.769863014,F,3,1,6,dog,1,2705.261,2711.909,5.647973,bouncehouse,correct,8,8,1
AMP010,5.769863014,F,3,1,7,monkey,1,2720.03,2725.802,4.771851,subway,correct,8,8,1
AMP010,5.769863014,F,3,1,8,bear,1,2733.937,2738.461,3.523561,castle,correct,8,8,1
AMP110,4.969863014,M,1,1,1,cat,1,5405.23,5409.781,3.550243,library,correct,7,8,0.875
AMP110,4.969863014,M,1,1,2,dog,1,5417.865,5422.807,3.941713,beach,correct,7,8,0.875
AMP110,4.969863014,M,1,1,3,lion,1,5429.431,5439.068,8.636325,grocery,correct,7,8,0.875
AMP110,4.969863014,M,1,1,4,cow,1,5445.677,5451.91,5.231676,bedroom,correct,7,8,0.875
AMP110,4.969863014,M,1,1,5,bear,1,5460.057,5464.985,3.927253,pool,correct,7,8,0.875
AMP110,4.969863014,M,1,1,6,monkey,1,5473.138,5477.376,3.23801,candy,correct,7,8,0.875
AMP110,4.969863014,M,1,1,7,sheep,0,5485.464,5503.027,16.56238,library,incorrect1,7,8,0.875
AMP110,4.969863014,M,1,1,8,pig,1,5511.132,5516.419,4.287347,mountain,correct,7,8,0.875
AMP134,3.24109589,F,2,1,1,monkey,1,6932.715,6940.276,6.561219,beach,correct,7,8,0.875
AMP134,3.24109589,F,2,1,2,lion,0,6948.422,6958.606,9.183283,bedroom,incorrect1,7,8,0.875
AMP134,3.24109589,F,2,1,3,bear,1,6966.778,6973.048,5.269673,library,correct,7,8,0.875
AMP134,3.24109589,F,2,1,4,cow,1,6981.222,6987.158,4.9351,pool,correct,7,8,0.875
AMP134,3.24109589,F,2,1,5,pig,1,6995.259,7000.667,4.4078,playground,correct,7,8,0.875
AMP134,3.24109589,F,2,1,6,dog,1,7008.761,7018.096,8.334541,car,correct,7,8,0.875
AMP134,3.24109589,F,2,1,7,sheep,1,7024.736,7034.758,9.020709,bedroom,correct,7,8,0.875
AMP134,3.24109589,F,2,1,8,cat,1,7042.866,7052.352,8.484963,mountain,correct,7,8,0.875
AMP076,4.838356164,M,3,1,1,dog,0,68667.42,68674.82,6.408561,pool,foil,7,8,0.875
AMP076,4.838356164,M,3,1,2,bear,1,68683.05,68688.6,4.551626,castle,correct,7,8,0.875
AMP076,4.838356164,M,3,1,3,sheep,1,68695.29,68704.74,8.450589,bowling,correct,7,8,0.875
AMP076,4.838356164,M,3,1,4,monkey,1,68712.9,68717.14,3.236078,subway,correct,7,8,0.875
AMP076,4.838356164,M,3,1,5,cat,1,68725.32,68729.99,3.67449,museum,correct,7,8,0.875
AMP076,4.838356164,M,3,1,6,cow,1,68738.16,68743.84,4.674601,basketball,correct,7,8,0.875
AMP076,4.838356164,M,3,1,7,pig,1,68751.98,68759.66,6.680035,baseball,correct,7,8,0.875
AMP076,4.838356164,M,3,1,8,lion,1,68767.8,68775.56,6.759895,movie,correct,7,8,0.875
AMP051,5.684931507,F,4,1,1,bear,1,72211.67,72217.23,4.55888,museum,correct,8,8,1
AMP051,5.684931507,F,4,1,2,sheep,1,72225.35,72234.99,8.6397099999999991,basketball,correct,8,8,1
AMP051,5.684931507,F,4,1,3,cat,1,72243.09,72247.22,3.12621,baseball,correct,8,8,1
AMP051,5.684931507,F,4,1,4,dog,1,72255.35,72260.91,4.564278,bowling,correct,8,8,1
AMP051,5.684931507,F,4,1,5,cow,1,72269.01,72273.99,3.974292,castle,correct,8,8,1
AMP051,5.684931507,F,4,1,6,pig,1,72280.57,72284.26,2.685451,tent,correct,8,8,1
AMP051,5.684931507,F,4,1,7,lion,1,72292.46,72297.85,4.396995,barn,correct,8,8,1
AMP051,5.684931507,F,4,1,8,monkey,1,72304.49,72311.21,5.723366,bouncehouse,correct,8,8,1
AMP035,5.528767123,M,1,1,1,dog,1,1350.07,1355.934,4.863633,beach,correct,7,8,0.875
AMP035,5.528767123,M,1,1,2,sheep,1,1364.044,1369.96,4.915924,car,correct,7,8,0.875
AMP035,5.528767123,M,1,1,3,lion,1,1376.563,1381.051,3.487231,grocery,correct,7,8,0.875
AMP035,5.528767123,M,1,1,4,monkey,1,1389.184,1396.995,6.810712,candy,correct,7,8,0.875
AMP035,5.528767123,M,1,1,5,cat,1,1405.129,1413.19,7.059967,library,correct,7,8,0.875
AMP035,5.528767123,M,1,1,6,bear,0,1419.791,1426.414,5.623268,mountain,incorrect2,7,8,0.875
AMP035,5.528767123,M,1,1,7,cow,1,1434.561,1440.207,4.645947,bedroom,correct,7,8,0.875
AMP035,5.528767123,M,1,1,8,pig,1,1448.323,1455.034,5.71102,mountain,correct,7,8,0.875
AMP079,4.690410959,F,2,1,1,cow,0,263821.9,263832.4,9.492182,car,incorrect1,2,8,0.25
AMP079,4.690410959,F,2,1,2,sheep,0,263840,263853.3,12.26602,castle,foil,2,8,0.25
AMP079,4.690410959,F,2,1,3,dog,1,263861,263866.8,4.844007,car,correct,2,8,0.25
AMP079,4.690410959,F,2,1,4,pig,0,263874.4,263883.4,8.012465,bowling,foil,2,8,0.25
AMP079,4.690410959,F,2,1,5,monkey,0,263891.2,263898.3,6.153905,pool,incorrect2,2,8,0.25
AMP079,4.690410959,F,2,1,6,lion,1,263906.1,263911.1,4.044488,street,correct,2,8,0.25
AMP079,4.690410959,F,2,1,7,cat,0,263917.3,263926.5,8.271441,beach,incorrect2,2,8,0.25
AMP079,4.690410959,F,2,1,8,bear,0,263934.3,263943.9,8.55342,bouncehouse,foil,2,8,0.25
AMP137,4.690410959,F,3,1,1,sheep,1,265619.4,265628.5,8.047087,bowling,correct,8,8,1
AMP137,4.690410959,F,3,1,2,lion,1,265636.6,265640.9,3.352618,movie,correct,8,8,1
AMP137,4.690410959,F,3,1,3,pig,1,265649.1,265659.1,9.050052,baseball,correct,8,8,1
AMP137,4.690410959,F,3,1,4,bear,1,265667.3,265672.7,4.412739,castle,correct,8,8,1
AMP137,4.690410959,F,3,1,5,cat,1,265679.4,265685.9,5.483012,museum,correct,8,8,1
AMP137,4.690410959,F,3,1,6,cow,1,265694,265701.8,6.833893,basketball,correct,8,8,1
AMP137,4.690410959,F,3,1,7,dog,1,265710,265714.3,3.293076,bouncehouse,correct,8,8,1
AMP137,4.690410959,F,3,1,8,monkey,1,265722.5,265728.4,4.88835,subway,correct,8,8,1
AMP055,4.331506849,M,4,1,1,dog,1,4329.932,4338.049,7.116733,bowling,correct,5,8,0.625
AMP055,4.331506849,M,4,1,2,pig,1,4344.681,4350.791,5.11008,tent,correct,5,8,0.625
AMP055,4.331506849,M,4,1,3,sheep,1,4358.932,4367.502,7.570299,basketball,correct,5,8,0.625
AMP055,4.331506849,M,4,1,4,cow,0,4375.644,4381.011,4.367491,museum,incorrect2,5,8,0.625
AMP055,4.331506849,M,4,1,5,monkey,1,4389.183,4394.604,4.420144,bouncehouse,correct,5,8,0.625
AMP055,4.331506849,M,4,1,6,lion,0,4402.897,4419.304,15.40645,castle,incorrect1,5,8,0.625
AMP055,4.331506849,M,4,1,7,cat,1,4427.421,4442.019,13.59773,baseball,correct,5,8,0.625
AMP055,4.331506849,M,4,1,8,bear,0,4450.186,4474.241,23.05429,castle,incorrect2,5,8,0.625
AMP096,5.989041096,M,1,1,1,lion,1,2727.668,2732.805,4.136442,grocery,correct,8,8,1
AMP096,5.989041096,M,1,1,2,cat,1,2739.466,2744.08,3.613433,library,correct,8,8,1
AMP096,5.989041096,M,1,1,3,monkey,1,2752.268,2756.821,3.553093,candy,correct,8,8,1
AMP096,5.989041096,M,1,1,4,bear,1,2763.45,2768.195,3.745029,pool,correct,8,8,1
AMP096,5.989041096,M,1,1,5,pig,1,2776.351,2781.154,3.802367,mountain,correct,8,8,1
AMP096,5.989041096,M,1,1,6,cow,1,2789.281,2794.363,4.081862,bedroom,correct,8,8,1
AMP096,5.989041096,M,1,1,7,dog,1,2802.478,2813.175,9.697493,beach,correct,8,8,1
AMP096,5.989041096,M,1,1,8,sheep,1,2821.367,2829.186,6.818589,car,correct,8,8,1
AMP071,3.898630137,F,2,1,1,bear,1,6401.332,6411.96,9.627028,library,correct,7,8,0.875
AMP071,3.898630137,F,2,1,2,cow,1,6420.26,6425.467,4.207203,pool,correct,7,8,0.875
AMP071,3.898630137,F,2,1,3,lion,0,6432.185,6439.961,6.774847,subway,foil,7,8,0.875
AMP071,3.898630137,F,2,1,4,cat,1,6448.239,6457.038,7.799228,mountain,correct,7,8,0.875
AMP071,3.898630137,F,2,1,5,monkey,1,6465.283,6474.133,7.849938,beach,correct,7,8,0.875
AMP071,3.898630137,F,2,1,6,pig,1,6482.226,6495.099,11.87153,playground,correct,7,8,0.875
AMP071,3.898630137,F,2,1,7,sheep,1,6501.747,6511.575,8.828494,bedroom,correct,7,8,0.875
AMP071,3.898630137,F,2,1,8,dog,1,6519.713,6527.653,6.940096,car,correct,7,8,0.875
AMP136,3.273972603,M,3,1,1,dog,1,2644.997,2649.839,3.841458,bouncehouse,correct,2,8,0.25
AMP136,3.273972603,M,3,1,2,bear,0,2658.796,2663.431,3.634762,playground,foil,2,8,0.25
AMP136,3.273972603,M,3,1,3,pig,0,2672.743,2677.624,3.880834,beach,foil,2,8,0.25
AMP136,3.273972603,M,3,1,4,monkey,0,2685.924,2691.784,4.859792,car,foil,2,8,0.25
AMP136,3.273972603,M,3,1,5,sheep,0,2698.593,2707.094,7.500843,street,foil,2,8,0.25
AMP136,3.273972603,M,3,1,6,lion,1,2715.763,2724.122,7.358795,movie,correct,2,8,0.25
AMP136,3.273972603,M,3,1,7,cat,0,2732.971,2738.014,4.04345,bouncehouse,incorrect1,2,8,0.25
AMP136,3.273972603,M,3,1,8,cow,0,2746.327,2752.658,5.330964,castle,incorrect1,2,8,0.25
AMP068,3.504109589,M,4,1,1,cat,0,5087.089,5093.21,5.120279,mountain,foil,1,8,0.125
AMP068,3.504109589,M,4,1,2,dog,0,5101.358,5105.868,3.509579,car,foil,1,8,0.125
AMP068,3.504109589,M,4,1,3,monkey,1,5112.552,5117.493,3.939724,bouncehouse,correct,1,8,0.125
AMP068,3.504109589,M,4,1,4,pig,0,5125.615,5131.385,4.770107,playground,foil,1,8,0.125
AMP068,3.504109589,M,4,1,5,sheep,0,5139.541,5145.896,5.35328,bouncehouse,incorrect1,1,8,0.125
AMP068,3.504109589,M,4,1,6,cow,0,5154.054,5159.287,4.232727,pool,foil,1,8,0.125
AMP068,3.504109589,M,4,1,7,lion,0,5167.628,5173.346,4.718124,street,foil,1,8,0.125
AMP068,3.504109589,M,4,1,8,bear,0,5181.509,5186.856,4.346616,library,foil,1,8,0.125
AMP019,4.630136986,F,1,1,1,lion,1,5052.505,5056.894,3.388854,grocery,correct,8,8,1
AMP019,4.630136986,F,1,1,2,dog,1,5064.451,5072.539,7.087075,beach,correct,8,8,1
AMP019,4.630136986,F,1,1,3,sheep,1,5080.11,5087.315,6.204259,car,correct,8,8,1
AMP019,4.630136986,F,1,1,4,cow,1,5093.386,5098.339,3.952763,bedroom,correct,8,8,1
AMP019,4.630136986,F,1,1,5,monkey,1,5105.969,5109.446,2.476472,candy,correct,8,8,1
AMP019,4.630136986,F,1,1,6,pig,1,5117.021,5120.07,2.048587,mountain,correct,8,8,1
AMP019,4.630136986,F,1,1,7,bear,1,5127.654,5134.13,5.475295,pool,correct,8,8,1
AMP019,4.630136986,F,1,1,8,cat,1,5141.71,5145.587,2.876882,library,correct,8,8,1
AMP097,4.616438356,M,2,1,1,cow,0,2644.649,2650.157,4.507248,car,incorrect1,3,8,0.375
AMP097,4.616438356,M,2,1,2,bear,1,2658.389,2666.101,6.711506,library,correct,3,8,0.375
AMP097,4.616438356,M,2,1,3,lion,1,2674.306,2680.361,5.053878,street,correct,3,8,0.375
AMP097,4.616438356,M,2,1,4,monkey,0,2688.559,2695.604,6.04471,museum,foil,3,8,0.375
AMP097,4.616438356,M,2,1,5,pig,0,2703.725,2709.681,4.955234,bowling,foil,3,8,0.375
AMP097,4.616438356,M,2,1,6,cat,0,2716.291,2721.671,4.379977,pool,incorrect1,3,8,0.375
AMP097,4.616438356,M,2,1,7,sheep,0,2728.307,2734.714,5.406467,mountain,incorrect1,3,8,0.375
AMP097,4.616438356,M,2,1,8,dog,1,2742.809,2747.722,3.913302,car,correct,3,8,0.375
AMP102,4.920547945,M,3,1,1,monkey,1,416187.7,416190.8,2.103691,bouncehouse,correct,8,8,1
AMP102,4.920547945,M,3,1,2,bear,1,416199,416202.2,2.164164,museum,correct,8,8,1
AMP102,4.920547945,M,3,1,3,pig,1,416210.4,416214.5,3.105313,tent,correct,8,8,1
AMP102,4.920547945,M,3,1,4,cat,1,416221.2,416223.7,1.518298,baseball,correct,8,8,1
AMP102,4.920547945,M,3,1,5,dog,1,416231.9,416237.4,4.570307,bowling,correct,8,8,1
AMP102,4.920547945,M,3,1,6,cow,1,416245.6,416249.2,2.590127,castle,correct,8,8,1
AMP102,4.920547945,M,3,1,7,lion,1,416257.5,416261.8,3.303333,barn,correct,8,8,1
AMP102,4.920547945,M,3,1,8,sheep,1,416268.4,416273.8,4.370875,basketball,correct,8,8,1
AMP039,4.912328767,M,1,1,1,monkey,1,1464.021,1475.34,10.31815,candy,correct,8,8,1
AMP039,4.912328767,M,1,1,2,lion,1,1483.521,1491.184,6.662879,grocery,correct,8,8,1
AMP039,4.912328767,M,1,1,3,dog,1,1499.276,1505.844,5.566907,beach,correct,8,8,1
AMP039,4.912328767,M,1,1,4,sheep,1,1514.007,1526.224,11.21672,car,correct,8,8,1
AMP039,4.912328767,M,1,1,5,pig,1,1534.378,1553.643,18.26414,mountain,correct,8,8,1
AMP039,4.912328767,M,1,1,6,cow,1,1560.257,1565.633,4.376547,bedroom,correct,8,8,1
AMP039,4.912328767,M,1,1,7,cat,1,1572.267,1578.042,4.774819,library,correct,8,8,1
AMP039,4.912328767,M,1,1,8,bear,1,1586.196,1592.035,4.837943,pool,correct,8,8,1
AMP132,4.920547945,F,3,1,1,dog,1,2595.907,2601.287,4.379254,bouncehouse,correct,8,8,1
AMP132,4.920547945,F,3,1,2,bear,1,2609.533,2613.744,3.211383,castle,correct,8,8,1
AMP132,4.920547945,F,3,1,3,monkey,1,2621.96,2626.653,3.693397,subway,correct,8,8,1
AMP132,4.920547945,F,3,1,4,cat,1,2634.86,2640.313,4.452664,museum,correct,8,8,1
AMP132,4.920547945,F,3,1,5,sheep,1,2648.518,2656.874,7.355553,bowling,correct,8,8,1
AMP132,4.920547945,F,3,1,6,pig,1,2663.57,2672.718,8.146897,baseball,correct,8,8,1
AMP132,4.920547945,F,3,1,7,lion,1,2680.893,2687.394,5.500402,movie,correct,8,8,1
AMP132,4.920547945,F,3,1,8,cow,1,2695.613,2707.724,11.11106,basketball,correct,8,8,1
AMP029,3.178082192,M,1,1,1,cat,1,95457.08,95463.3,5.214025,library,correct,8,8,1
AMP029,3.178082192,M,1,1,2,lion,1,95469.93,95475.86,4.921725,grocery,correct,8,8,1
AMP029,3.178082192,M,1,1,3,monkey,1,95482.52,95487.26,3.741102,candy,correct,8,8,1
AMP029,3.178082192,M,1,1,4,cow,1,95495.4,95501.09,4.688842,bedroom,correct,8,8,1
AMP029,3.178082192,M,1,1,5,dog,1,95509.27,95513.53,3.261726,beach,correct,8,8,1
AMP029,3.178082192,M,1,1,6,bear,1,95521.7,95526.12,3.419572,pool,correct,8,8,1
AMP029,3.178082192,M,1,1,7,pig,1,95534.27,95538.6,3.327248,mountain,correct,8,8,1
AMP029,3.178082192,M,1,1,8,sheep,1,95546.72,95551.87,4.149619,car,correct,8,8,1
AMP125,3.090410959,M,1,1,1,bear,1,2191.822,2204.303,11.48076,pool,correct,4,8,0.5
AMP125,3.090410959,M,1,1,2,dog,0,2210.99,2215.594,3.603694,car,incorrect2,4,8,0.5
AMP125,3.090410959,M,1,1,3,lion,1,2223.854,2229.486,4.632304,grocery,correct,4,8,0.5
AMP125,3.090410959,M,1,1,4,monkey,1,2237.67,2248.149,9.4784,candy,correct,4,8,0.5
AMP125,3.090410959,M,1,1,5,cow,0,2256.401,2287.075,29.67303,library,incorrect2,4,8,0.5
AMP125,3.090410959,M,1,1,6,cat,0,2295.216,2309.924,13.7073,bouncehouse,foil,4,8,0.5
AMP125,3.090410959,M,1,1,7,sheep,0,2318.073,2331.238,12.16457,library,incorrect1,4,8,0.5
AMP125,3.090410959,M,1,1,8,pig,1,2337.91,2354.67,15.76063,mountain,correct,4,8,0.5
AMP070,4.871232877,F,4,1,1,pig,1,92529.54,92535.04,4.490541,tent,correct,8,8,1
AMP070,4.871232877,F,4,1,2,cat,1,92543.2,92547.48,3.281155,baseball,correct,8,8,1
AMP070,4.871232877,F,4,1,3,lion,1,92555.77,92560.3,3.531129,barn,correct,8,8,1
AMP070,4.871232877,F,4,1,4,dog,1,92568.52,92573.01,3.487848,bowling,correct,8,8,1
AMP070,4.871232877,F,4,1,5,bear,1,92581.23,92589.76,7.520584,museum,correct,8,8,1
AMP070,4.871232877,F,4,1,6,monkey,1,92596.47,92601.45,3.979526,bouncehouse,correct,8,8,1
AMP070,4.871232877,F,4,1,7,sheep,1,92609.63,92614.51,3.871765,basketball,correct,8,8,1
AMP070,4.871232877,F,4,1,8,cow,1,92622.68,92627.83,4.154996,castle,correct,8,8,1
AMP056,3.975342466,M,2,1,1,cat,1,802966.7,802984.6,16.81023,mountain,correct,7,8,0.875
AMP056,3.975342466,M,2,1,2,bear,0,802992.3,803002.5,9.260842,bouncehouse,foil,7,8,0.875
AMP056,3.975342466,M,2,1,3,pig,1,803010.1,803017.8,6.705963,playground,correct,7,8,0.875
AMP056,3.975342466,M,2,1,4,sheep,1,803025.5,803030.5,4.025695,bedroom,correct,7,8,0.875
AMP056,3.975342466,M,2,1,5,lion,1,803038.1,803043.2,4.08338,street,correct,7,8,0.875
AMP056,3.975342466,M,2,1,6,cow,1,803049.4,803053.8,3.406274,pool,correct,7,8,0.875
AMP056,3.975342466,M,2,1,7,dog,1,803059.9,803066.1,5.164367,car,correct,7,8,0.875
AMP056,3.975342466,M,2,1,8,monkey,1,803073.8,803084.9,10.06399,beach,correct,7,8,0.875
AMP037,4.920547945,M,1,2,1,pig,1,94265.52,94269.62,3.093986,mountain,correct,8,8,1
AMP037,4.920547945,M,1,2,2,bear,1,94277.66,94280.59,1.931287,pool,correct,8,8,1
AMP037,4.920547945,M,1,2,3,cat,1,94288.57,94293.82,4.244202,library,correct,8,8,1
AMP037,4.920547945,M,1,2,4,sheep,1,94301.96,94308.54,5.589109,car,correct,8,8,1
AMP037,4.920547945,M,1,2,5,dog,1,94315.09,94319.85,3.763864,beach,correct,8,8,1
AMP037,4.920547945,M,1,2,6,cow,1,94327.91,94331.98,3.066267,bedroom,correct,8,8,1
AMP037,4.920547945,M,1,2,7,monkey,1,94340.04,94345.55,4.510901,candy,correct,8,8,1
AMP037,4.920547945,M,1,2,8,lion,1,94352.07,94359.31,6.242457,grocery,correct,8,8,1
AMP006,5.282191781,F,4,2,1,monkey,1,2373.923,2382.376,7.452915,bouncehouse,correct,8,8,1
AMP006,5.282191781,F,4,2,2,cow,1,2388.948,2393.984,4.035846,castle,correct,8,8,1
AMP006,5.282191781,F,4,2,3,bear,1,2402.083,2404.69,1.607155,museum,correct,8,8,1
AMP006,5.282191781,F,4,2,4,lion,1,2412.866,2415.931,2.064855,barn,correct,8,8,1
AMP006,5.282191781,F,4,2,5,cat,1,2424.028,2428.941,3.912051,baseball,correct,8,8,1
AMP006,5.282191781,F,4,2,6,dog,1,2436.973,2441.599,3.625582,bowling,correct,8,8,1
AMP006,5.282191781,F,4,2,7,pig,1,2449.646,2453.723,3.076703,tent,correct,8,8,1
AMP006,5.282191781,F,4,2,8,sheep,1,2460.297,2464.314,3.016505,basketball,correct,8,8,1
AMP121,4.978082192,F,1,2,1,sheep,1,256439.2,256446.8,6.645225,car,correct,7,8,0.875
AMP121,4.978082192,F,1,2,2,dog,1,256454.9,256461.1,5.211398,beach,correct,7,8,0.875
AMP121,4.978082192,F,1,2,3,bear,0,256469.2,256475.1,4.938276,bedroom,incorrect1,7,8,0.875
AMP121,4.978082192,F,1,2,4,cat,1,256483.2,256488.5,4.337621,library,correct,7,8,0.875
AMP121,4.978082192,F,1,2,5,cow,1,256495.1,256498.6,2.585653,bedroom,correct,7,8,0.875
AMP121,4.978082192,F,1,2,6,pig,1,256505.2,256510.8,4.541226,mountain,correct,7,8,0.875
AMP121,4.978082192,F,1,2,7,lion,1,256518.8,256524.9,5.061657,grocery,correct,7,8,0.875
AMP121,4.978082192,F,1,2,8,monkey,1,256533,256538,4.058901,candy,correct,7,8,0.875
AMP129,3.978082192,M,2,2,1,pig,0,4367.537,4378.993,10.45541,bowling,foil,6,8,0.75
AMP129,3.978082192,M,2,2,2,sheep,0,4387.07,4397.505,9.434528,castle,foil,6,8,0.75
AMP129,3.978082192,M,2,2,3,cow,1,4405.607,4410.046,3.439264,pool,correct,6,8,0.75
AMP129,3.978082192,M,2,2,4,monkey,1,4418.112,4422.955,3.843298,beach,correct,6,8,0.75
AMP129,3.978082192,M,2,2,5,lion,1,4431.028,4437.499,5.470269,street,correct,6,8,0.75
AMP129,3.978082192,M,2,2,6,dog,1,4444.035,4450.44,5.405433,car,correct,6,8,0.75
AMP129,3.978082192,M,2,2,7,cat,1,4456.966,4462.982,5.015284,mountain,correct,6,8,0.75
AMP129,3.978082192,M,2,2,8,bear,1,4471.079,4475.09,3.010342,library,correct,6,8,0.75
AMP030,5.591780822,M,1,2,1,cow,1,2752.815,2759.325,5.509728,bedroom,correct,6,8,0.75
AMP030,5.591780822,M,1,2,2,lion,1,2766.917,2771.767,3.849228,grocery,correct,6,8,0.75
AMP030,5.591780822,M,1,2,3,pig,0,2779.358,2783.558,3.199509,car,incorrect1,6,8,0.75
AMP030,5.591780822,M,1,2,4,sheep,0,2791.143,2797.268,5.123744,library,incorrect1,6,8,0.75
AMP030,5.591780822,M,1,2,5,dog,1,2804.822,2814.913,9.090766,beach,correct,6,8,0.75
AMP030,5.591780822,M,1,2,6,bear,1,2822.548,2826.17,2.620876,pool,correct,6,8,0.75
AMP030,5.591780822,M,1,2,7,cat,1,2833.762,2845.482,10.72051,library,correct,6,8,0.75
AMP030,5.591780822,M,1,2,8,monkey,1,2853.092,2857.124,3.031353,candy,correct,6,8,0.75
AMP124,3.046575342,F,2,2,1,cow,1,1253.345,1259.636,5.291201,pool,correct,7,8,0.875
AMP124,3.046575342,F,2,2,2,bear,1,1267.373,1271.794,3.421026,library,correct,7,8,0.875
AMP124,3.046575342,F,2,2,3,monkey,1,1278.007,1282.368,3.360592,beach,correct,7,8,0.875
AMP124,3.046575342,F,2,2,4,pig,1,1288.502,1293.692,4.190126,playground,correct,7,8,0.875
AMP124,3.046575342,F,2,2,5,sheep,1,1301.398,1307.702,5.303097,bedroom,correct,7,8,0.875
AMP124,3.046575342,F,2,2,6,dog,0,1315.383,1323.395,7.011798,baseball,foil,7,8,0.875
AMP124,3.046575342,F,2,2,7,cat,1,1331.008,1335.236,3.228026,mountain,correct,7,8,0.875
AMP124,3.046575342,F,2,2,8,lion,1,1342.905,1351.881,7.975564,street,correct,7,8,0.875
AMP052,5.547945205,F,3,2,1,cow,1,238.2597,243.0912,3.831164,basketball,correct,8,8,1
AMP052,5.547945205,F,3,2,2,bear,1,251.486,257.3008,4.814547,castle,correct,8,8,1
AMP052,5.547945205,F,3,2,3,dog,1,265.5023,269.8424,3.339766,bouncehouse,correct,8,8,1
AMP052,5.547945205,F,3,2,4,monkey,1,278.1637,290.2562,11.09214,subway,correct,8,8,1
AMP052,5.547945205,F,3,2,5,pig,1,298.4615,304.2492,4.786924,baseball,correct,8,8,1
AMP052,5.547945205,F,3,2,6,cat,1,312.4245,315.6563,2.231555,museum,correct,8,8,1
AMP052,5.547945205,F,3,2,7,lion,1,322.4064,325.3627,1.956171,movie,correct,8,8,1
AMP052,5.547945205,F,3,2,8,sheep,1,333.5731,339.0392,4.465864,bowling,correct,8,8,1
AMP081,5.780821918,F,4,2,1,monkey,1,72244.59,72248.98,3.385023,bouncehouse,correct,8,8,1
AMP081,5.780821918,F,4,2,2,lion,1,72256.71,72261.27,3.553964,barn,correct,8,8,1
AMP081,5.780821918,F,4,2,3,cow,1,72268.88,72274.13,4.241781,castle,correct,8,8,1
AMP081,5.780821918,F,4,2,4,bear,1,72280.28,72284.65,3.374451,museum,correct,8,8,1
AMP081,5.780821918,F,4,2,5,cat,1,72290.79,72295.79,3.997487,baseball,correct,8,8,1
AMP081,5.780821918,F,4,2,6,pig,1,72303.38,72309.17,4.786875,tent,correct,8,8,1
AMP081,5.780821918,F,4,2,7,dog,1,72316.78,72323.93,6.142823,bowling,correct,8,8,1
AMP081,5.780821918,F,4,2,8,sheep,1,72331.6,72416.77,84.17601,basketball,correct,8,8,1
AMP104,3.084931507,F,1,2,1,pig,1,70605.92,70610.96,4.044563,mountain,correct,5,8,0.625
AMP104,3.084931507,F,1,2,2,monkey,1,70618.58,70624.19,4.607927,candy,correct,5,8,0.625
AMP104,3.084931507,F,1,2,3,sheep,0,70630.29,70635.53,4.244497,grocery,incorrect2,5,8,0.625
AMP104,3.084931507,F,1,2,4,bear,1,70643.16,70648.57,4.4139099999999996,pool,correct,5,8,0.625
AMP104,3.084931507,F,1,2,5,dog,0,70656.14,70660.83,3.687361,car,incorrect2,5,8,0.625
AMP104,3.084931507,F,1,2,6,cow,1,70668.48,70675.62,6.144326,bedroom,correct,5,8,0.625
AMP104,3.084931507,F,1,2,7,cat,1,70681.68,70687.33,4.65465,library,correct,5,8,0.625
AMP104,3.084931507,F,1,2,8,lion,0,70694.91,70700.82,4.912183,basketball,foil,5,8,0.625
AMP044,3.528767123,F,2,2,1,dog,1,167985,167991,4.993421,car,correct,6,8,0.75
AMP044,3.528767123,F,2,2,2,sheep,1,167999,168008.4,8.406877,bedroom,correct,6,8,0.75
AMP044,3.528767123,F,2,2,3,lion,1,168015,168019.3,3.221313,street,correct,6,8,0.75
AMP044,3.528767123,F,2,2,4,bear,1,168027.4,168032.4,3.984705,library,correct,6,8,0.75
AMP044,3.528767123,F,2,2,5,cat,1,168040.5,168064.2,22.7145,mountain,correct,6,8,0.75
AMP044,3.528767123,F,2,2,6,pig,0,168072.2,168084.3,11.0956,bowling,foil,6,8,0.75
AMP044,3.528767123,F,2,2,7,monkey,1,168092.4,168097.5,4.048352,beach,correct,6,8,0.75
AMP044,3.528767123,F,2,2,8,cow,0,168105.6,168113.1,6.454332,movie,foil,6,8,0.75
AMP011,3.306849315,F,3,2,1,sheep,0,87185.47,87200.28,13.8088,bouncehouse,incorrect2,2,8,0.25
AMP011,3.306849315,F,3,2,2,cat,1,87208.41,87216.41,6.993332,museum,correct,2,8,0.25
AMP011,3.306849315,F,3,2,3,dog,0,87224.43,87231.27,5.836139,pool,foil,2,8,0.25
AMP011,3.306849315,F,3,2,4,cow,0,87239.41,87245.51,5.104315,bedroom,foil,2,8,0.25
AMP011,3.306849315,F,3,2,5,bear,0,87253.62,87260.9,6.278375,movie,incorrect2,2,8,0.25
AMP011,3.306849315,F,3,2,6,monkey,1,87269,87274.43,4.43185,subway,correct,2,8,0.25
AMP011,3.306849315,F,3,2,7,pig,0,87282.57,87288.39,4.823179,museum,incorrect1,2,8,0.25
AMP011,3.306849315,F,3,2,8,lion,0,87296.46,87302.35,4.891841,castle,incorrect2,2,8,0.25
AMP012,5.389041096,M,1,2,1,cat,1,61244.94,61251.48,5.540153,library,correct,3,8,0.375
AMP012,5.389041096,M,1,2,2,lion,1,61258.07,61263.21,4.142395,grocery,correct,3,8,0.375
AMP012,5.389041096,M,1,2,3,monkey,1,61271.35,61276.8,4.450736,candy,correct,3,8,0.375
AMP012,5.389041096,M,1,2,4,sheep,0,61284.97,61289.26,3.291952,subway,foil,3,8,0.375
AMP012,5.389041096,M,1,2,5,dog,0,61297.33,61301.74,3.405126,movie,foil,3,8,0.375
AMP012,5.389041096,M,1,2,6,pig,0,61309.86,61314.23,3.362129,bedroom,incorrect2,3,8,0.375
AMP012,5.389041096,M,1,2,7,cow,0,61322.31,61326.25,2.938753,castle,foil,3,8,0.375
AMP012,5.389041096,M,1,2,8,bear,0,61334.31,61340.08,4.771344,bowling,foil,3,8,0.375
AMP050,3.446575342,M,2,2,1,sheep,1,62822.98,62831.53,7.548269,bedroom,correct,7,8,0.875
AMP050,3.446575342,M,2,2,2,cow,1,62838.15,62843.16,4.01194,pool,correct,7,8,0.875
AMP050,3.446575342,M,2,2,3,cat,0,62851.22,62856.52,4.301049,basketball,foil,7,8,0.875
AMP050,3.446575342,M,2,2,4,bear,1,62864.62,62869.38,3.755618,library,correct,7,8,0.875
AMP050,3.446575342,M,2,2,5,pig,1,62877.41,62881.7,3.288129,playground,correct,7,8,0.875
AMP050,3.446575342,M,2,2,6,lion,1,62889.78,62894.53,3.744293,street,correct,7,8,0.875
AMP050,3.446575342,M,2,2,7,monkey,1,62902.61,62907.42,3.808855,beach,correct,7,8,0.875
AMP050,3.446575342,M,2,2,8,dog,1,62915.48,62920.36,3.883482,car,correct,7,8,0.875
AMP084,3.265753425,F,3,2,1,lion,1,10185.33,10239.61,53.28315,movie,correct,4,8,0.5
AMP084,3.265753425,F,3,2,2,pig,1,10247.49,10269.55,21.05761,baseball,correct,4,8,0.5
AMP084,3.265753425,F,3,2,3,sheep,0,10277.32,10283.62,5.307222,bouncehouse,incorrect2,4,8,0.5
AMP084,3.265753425,F,3,2,4,cow,0,10291.36,10299.37,7.00959,castle,incorrect1,4,8,0.5
AMP084,3.265753425,F,3,2,5,dog,0,10307.02,10313.96,5.93649,subway,incorrect2,4,8,0.5
AMP084,3.265753425,F,3,2,6,monkey,1,10321.74,10328.57,5.829565,subway,correct,4,8,0.5
AMP084,3.265753425,F,3,2,7,bear,1,10336.3,10345.32,8.010427,castle,correct,4,8,0.5
AMP084,3.265753425,F,3,2,8,cat,0,10353.03,10361.48,7.448254,bouncehouse,incorrect1,4,8,0.5
AMP003,4.457534247,M,1,2,1,bear,1,3829.466,3835.861,5.395022,pool,correct,8,8,1
AMP003,4.457534247,M,1,2,2,cow,1,3843.937,3861.211,16.27391,bedroom,correct,8,8,1
AMP003,4.457534247,M,1,2,3,lion,1,3869.301,3874.703,4.402144,grocery,correct,8,8,1
AMP003,4.457534247,M,1,2,4,dog,1,3882.763,3887.512,3.748487,beach,correct,8,8,1
AMP003,4.457534247,M,1,2,5,monkey,1,3895.636,3900.937,4.301375,candy,correct,8,8,1
AMP003,4.457534247,M,1,2,6,sheep,1,3909.017,3913.412,3.394836,car,correct,8,8,1
AMP003,4.457534247,M,1,2,7,cat,1,3921.482,3928.173,5.69078,library,correct,8,8,1
AMP003,4.457534247,M,1,2,8,pig,1,3934.77,3940.931,5.160997,mountain,correct,8,8,1
AMP095,5.816438356,M,2,2,1,bear,1,4323.736,4329.839,5.102531,library,correct,8,8,1
AMP095,5.816438356,M,2,2,2,pig,1,4336.361,4343.565,6.203382,playground,correct,8,8,1
AMP095,5.816438356,M,2,2,3,dog,1,4351.611,4355.239,2.627811,car,correct,8,8,1
AMP095,5.816438356,M,2,2,4,lion,1,4361.82,4369.432,6.611252,street,correct,8,8,1
AMP095,5.816438356,M,2,2,5,monkey,1,4377.536,4380.906,2.369807,beach,correct,8,8,1
AMP095,5.816438356,M,2,2,6,cow,1,4388.998,4391.73,1.73197,pool,correct,8,8,1
AMP095,5.816438356,M,2,2,7,cat,1,4399.783,4404.806,4.022717,mountain,correct,8,8,1
AMP095,5.816438356,M,2,2,8,sheep,1,4412.864,4420.249,6.384993,bedroom,correct,8,8,1
AMP075,4.476712329,F,3,2,1,monkey,1,3037.807,3044.294,5.487103,subway,correct,3,8,0.375
AMP075,4.476712329,F,3,2,2,sheep,1,3050.474,3056.735,5.261563,bowling,correct,3,8,0.375
AMP075,4.476712329,F,3,2,3,pig,0,3062.876,3069.511,5.635057,museum,incorrect1,3,8,0.375
AMP075,4.476712329,F,3,2,4,cow,0,3075.661,3081.486,4.824636,castle,incorrect1,3,8,0.375
AMP075,4.476712329,F,3,2,5,cat,0,3087.626,3096.379,7.752067,baseball,incorrect2,3,8,0.375
AMP075,4.476712329,F,3,2,6,bear,0,3103.998,3109.704,4.706092,movie,incorrect2,3,8,0.375
AMP075,4.476712329,F,3,2,7,dog,1,3117.226,3123.163,4.937326,bouncehouse,correct,3,8,0.375
AMP075,4.476712329,F,3,2,8,lion,0,3130.773,3135.305,3.532027,basketball,incorrect1,3,8,0.375
AMP098,4.484931507,F,4,2,1,cow,0,83566.15,83578.03,10.88007,museum,incorrect2,5,8,0.625
AMP098,4.484931507,F,4,2,2,monkey,1,83585.7,83596.06,9.355948,bouncehouse,correct,5,8,0.625
AMP098,4.484931507,F,4,2,3,pig,1,83602.16,83607.52,4.357873,tent,correct,5,8,0.625
AMP098,4.484931507,F,4,2,4,cat,1,83615.12,83622.44,6.324087,baseball,correct,5,8,0.625
AMP098,4.484931507,F,4,2,5,sheep,1,83630.11,83641.31,10.20008,basketball,correct,5,8,0.625
AMP098,4.484931507,F,4,2,6,bear,0,83648.96,83664.72,14.75777,castle,incorrect2,5,8,0.625
AMP098,4.484931507,F,4,2,7,lion,0,83672.45,83677.83,4.377667,castle,incorrect1,5,8,0.625
AMP098,4.484931507,F,4,2,8,dog,1,83683.95,83690.56,5.601725,bowling,correct,5,8,0.625
AMP061,5.364383562,F,1,2,1,sheep,1,4757.815,4763.991,5.175862,car,correct,6,8,0.75
AMP061,5.364383562,F,1,2,2,dog,0,4770.142,4775.415,4.272634,car,incorrect2,6,8,0.75
AMP061,5.364383562,F,1,2,3,monkey,1,4783.043,4787.356,3.313332,candy,correct,6,8,0.75
AMP061,5.364383562,F,1,2,4,cow,1,4794.952,4800.382,4.429471,bedroom,correct,6,8,0.75
AMP061,5.364383562,F,1,2,5,pig,1,4807.972,4813.725,4.751953,mountain,correct,6,8,0.75
AMP061,5.364383562,F,1,2,6,lion,1,4821.359,4827.517,5.157471,grocery,correct,6,8,0.75
AMP061,5.364383562,F,1,2,7,cat,0,4835.183,4840.175,3.992382,pool,incorrect2,6,8,0.75
AMP061,5.364383562,F,1,2,8,bear,1,4847.742,4851.916,3.173994,pool,correct,6,8,0.75
AMP040,5.2,M,2,2,1,sheep,0,2644.694,2652.352,6.657906,playground,incorrect2,7,8,0.875
AMP040,5.2,M,2,2,2,cat,1,2660.465,2670.097,8.632229,mountain,correct,7,8,0.875
AMP040,5.2,M,2,2,3,monkey,1,2678.24,2683.94,4.700001,beach,correct,7,8,0.875
AMP040,5.2,M,2,2,4,cow,1,2692.125,2697.882,4.757139,pool,correct,7,8,0.875
AMP040,5.2,M,2,2,5,pig,1,2705.958,2718.547,11.58811,playground,correct,7,8,0.875
AMP040,5.2,M,2,2,6,dog,1,2726.67,2734.774,7.103416,car,correct,7,8,0.875
AMP040,5.2,M,2,2,7,lion,1,2741.532,2745.898,3.365898,street,correct,7,8,0.875
AMP040,5.2,M,2,2,8,bear,1,2752.549,2759.273,5.724342,library,correct,7,8,0.875
AMP111,5.238356164,M,3,2,1,monkey,1,2492.906,2497.301,3.394439,subway,correct,5,8,0.625
AMP111,5.238356164,M,3,2,2,sheep,1,2504.01,2517.581,12.57074,bowling,correct,5,8,0.625
AMP111,5.238356164,M,3,2,3,lion,1,2525.708,2533.324,6.616604,movie,correct,5,8,0.625
AMP111,5.238356164,M,3,2,4,cat,1,2541.421,2545.582,3.161617,museum,correct,5,8,0.625
AMP111,5.238356164,M,3,2,5,cow,0,2553.683,2565.897,11.21298,castle,incorrect1,5,8,0.625
AMP111,5.238356164,M,3,2,6,pig,0,2573.989,2588.762,13.77253,basketball,incorrect2,5,8,0.625
AMP111,5.238356164,M,3,2,7,bear,0,2596.893,2638.479,40.58554,playground,foil,5,8,0.625
AMP111,5.238356164,M,3,2,8,dog,1,2646.484,2663.628,16.14379,bouncehouse,correct,5,8,0.625
AMP090,5.512328767,M,4,2,1,dog,1,257945.5,257956.8,10.31957,bowling,correct,5,8,0.625
AMP090,5.512328767,M,4,2,2,cow,1,257965,257972.1,6.144765,castle,correct,5,8,0.625
AMP090,5.512328767,M,4,2,3,bear,1,257980.2,257989.4,8.126701,museum,correct,5,8,0.625
AMP090,5.512328767,M,4,2,4,monkey,1,257996,258000.5,3.469854,bouncehouse,correct,5,8,0.625
AMP090,5.512328767,M,4,2,5,lion,0,258008.7,258013.4,3.724552,tent,incorrect2,5,8,0.625
AMP090,5.512328767,M,4,2,6,sheep,0,258021.5,258032.9,10.34137,barn,incorrect2,5,8,0.625
AMP090,5.512328767,M,4,2,7,cat,1,258041,258053,11.06263,baseball,correct,5,8,0.625
AMP090,5.512328767,M,4,2,8,pig,0,258061.1,258069.2,7.033443,bowling,incorrect1,5,8,0.625
AMP113,5.512328767,F,1,2,1,pig,0,259614.3,259620.4,5.149625,car,incorrect1,6,8,0.75
AMP113,5.512328767,F,1,2,2,cat,1,259628.5,259632.9,3.384601,library,correct,6,8,0.75
AMP113,5.512328767,F,1,2,3,monkey,1,259641,259645.1,3.159921,candy,correct,6,8,0.75
AMP113,5.512328767,F,1,2,4,lion,1,259651.7,259661.1,8.382881,grocery,correct,6,8,0.75
AMP113,5.512328767,F,1,2,5,sheep,1,259667.7,259672.2,3.559556,car,correct,6,8,0.75
AMP113,5.512328767,F,1,2,6,cow,0,259680.3,259685.1,3.853382,grocery,incorrect1,6,8,0.75
AMP113,5.512328767,F,1,2,7,dog,1,259691.7,259696.8,4.116989,beach,correct,6,8,0.75
AMP113,5.512328767,F,1,2,8,bear,1,259704.9,259708,2.115355,pool,correct,6,8,0.75
AMP013,5.8,F,2,2,1,sheep,1,1618.817,1622.004,2.186487,bedroom,correct,8,8,1
AMP013,5.8,F,2,2,2,monkey,1,1628.605,1634.229,4.623692,beach,correct,8,8,1
AMP013,5.8,F,2,2,3,pig,1,1642.284,1645.086,1.801268,playground,correct,8,8,1
AMP013,5.8,F,2,2,4,cat,1,1653.116,1657.728,3.610835,mountain,correct,8,8,1
AMP013,5.8,F,2,2,5,dog,1,1665.835,1669.553,2.717236,car,correct,8,8,1
AMP013,5.8,F,2,2,6,bear,1,1677.676,1680.726,2.050091,library,correct,8,8,1
AMP013,5.8,F,2,2,7,cow,1,1688.824,1691.45,1.625603,pool,correct,8,8,1
AMP013,5.8,F,2,2,8,lion,1,1699.569,1703.375,2.805556,street,correct,8,8,1
AMP094,4.063013699,F,3,2,1,lion,0,78676.69,78682.92,5.222464,castle,incorrect2,2,8,0.25
AMP094,4.063013699,F,3,2,2,pig,0,78691.04,78696.21,4.164422,basketball,incorrect2,2,8,0.25
AMP094,4.063013699,F,3,2,3,monkey,1,78704.32,78708.75,3.432678,subway,correct,2,8,0.25
AMP094,4.063013699,F,3,2,4,cat,0,78716.85,78721.66,3.802436,bouncehouse,incorrect1,2,8,0.25
AMP094,4.063013699,F,3,2,5,bear,0,78729.77,78736.07,5.301404,playground,foil,2,8,0.25
AMP094,4.063013699,F,3,2,6,cow,0,78744.19,78749.69,4.503152,museum,incorrect2,2,8,0.25
AMP094,4.063013699,F,3,2,7,dog,0,78757.72,78762.07,3.349188,movie,incorrect1,2,8,0.25
AMP094,4.063013699,F,3,2,8,sheep,1,78770.24,78778.08,6.841964,bowling,correct,2,8,0.25
AMP008,4.923287671,M,4,2,1,dog,1,10754.69,10760.53,4.841542,bowling,correct,7,8,0.875
AMP008,4.923287671,M,4,2,2,monkey,1,10767.24,10771.84,3.59373,bouncehouse,correct,7,8,0.875
AMP008,4.923287671,M,4,2,3,bear,0,10779.96,10785.81,4.848932,castle,incorrect2,7,8,0.875
AMP008,4.923287671,M,4,2,4,sheep,1,10793.96,10802.69,7.73555,basketball,correct,7,8,0.875
AMP008,4.923287671,M,4,2,5,pig,1,10810.78,10815.82,4.040817,tent,correct,7,8,0.875
AMP008,4.923287671,M,4,2,6,cow,1,10823.95,10833.05,8.09759,castle,correct,7,8,0.875
AMP008,4.923287671,M,4,2,7,lion,1,10839.77,10844.49,3.717285,barn,correct,7,8,0.875
AMP008,4.923287671,M,4,2,8,cat,1,10852.58,10856.73,3.151225,baseball,correct,7,8,0.875
AMP107,4.246575342,F,1,2,1,dog,0,23204.76,23215.82,10.06127,car,incorrect2,3,8,0.375
AMP107,4.246575342,F,1,2,2,sheep,0,23223.96,23229.13,4.170209,grocery,incorrect2,3,8,0.375
AMP107,4.246575342,F,1,2,3,lion,0,23237.25,23241.74,3.482061,candy,incorrect2,3,8,0.375
AMP107,4.246575342,F,1,2,4,pig,0,23249.84,23264.42,13.57414,bedroom,incorrect2,3,8,0.375
AMP107,4.246575342,F,1,2,5,bear,1,23272.51,23278.76,5.24968,pool,correct,3,8,0.375
AMP107,4.246575342,F,1,2,6,cat,1,23286.8,23291.97,4.173464,library,correct,3,8,0.375
AMP107,4.246575342,F,1,2,7,cow,1,23298.54,23304.04,4.503763,bedroom,correct,3,8,0.375
AMP107,4.246575342,F,1,2,8,monkey,0,23310.64,23321.47,9.829311,beach,incorrect2,3,8,0.375
AMP118,5.890410959,F,2,2,1,pig,1,168120.5,168125.5,3.989026,playground,correct,7,8,0.875
AMP118,5.890410959,F,2,2,2,cat,1,168134.1,168138.8,3.730118,mountain,correct,7,8,0.875
AMP118,5.890410959,F,2,2,3,sheep,1,168147.5,168153.1,4.604067,bedroom,correct,7,8,0.875
AMP118,5.890410959,F,2,2,4,monkey,0,168161.7,168170.7,7.90904,library,incorrect1,7,8,0.875
AMP118,5.890410959,F,2,2,5,cow,1,168179.3,168185.6,5.237494,pool,correct,7,8,0.875
AMP118,5.890410959,F,2,2,6,lion,1,168192.8,168199,5.200674,street,correct,7,8,0.875
AMP118,5.890410959,F,2,2,7,dog,1,168207.6,168211.9,3.343298,car,correct,7,8,0.875
AMP118,5.890410959,F,2,2,8,bear,1,168220.6,168224.1,2.492738,library,correct,7,8,0.875
AMP074,4.542465753,F,3,2,1,sheep,0,738.5088,745.79,6.280637,street,foil,7,8,0.875
AMP074,4.542465753,F,3,2,2,lion,1,752.4603,757.1641,3.703503,movie,correct,7,8,0.875
AMP074,4.542465753,F,3,2,3,cow,1,765.3247,772.3075,5.982203,basketball,correct,7,8,0.875
AMP074,4.542465753,F,3,2,4,dog,1,780.3762,784.9323,3.555814,bouncehouse,correct,7,8,0.875
AMP074,4.542465753,F,3,2,5,pig,1,791.6313,798.9755,6.343601,baseball,correct,7,8,0.875
AMP074,4.542465753,F,3,2,6,bear,1,807.143,811.8335,3.690232,castle,correct,7,8,0.875
AMP074,4.542465753,F,3,2,7,monkey,1,820.0068,826.4772,5.470097,subway,correct,7,8,0.875
AMP074,4.542465753,F,3,2,8,cat,1,834.6169,839.269,3.651943,museum,correct,7,8,0.875
AMP057,3.180821918,M,4,2,1,monkey,1,1612.597,1617.982,4.384279,bouncehouse,correct,3,8,0.375
AMP057,3.180821918,M,4,2,2,sheep,0,1626.129,1635.176,8.047022,bedroom,foil,3,8,0.375
AMP057,3.180821918,M,4,2,3,lion,0,1643.406,1653.639,9.233055,castle,incorrect1,3,8,0.375
AMP057,3.180821918,M,4,2,4,cat,0,1661.73,1667.682,4.951067,mountain,foil,3,8,0.375
AMP057,3.180821918,M,4,2,5,dog,0,1675.763,1683.51,6.745435,museum,incorrect1,3,8,0.375
AMP057,3.180821918,M,4,2,6,bear,1,1690.119,1697.185,6.06516,museum,correct,3,8,0.375
AMP057,3.180821918,M,4,2,7,cow,1,1705.306,1711.361,5.054879,castle,correct,3,8,0.375
AMP057,3.180821918,M,4,2,8,pig,0,1719.428,1722.501,2.073332,bouncehouse,incorrect2,3,8,0.375
AMP053,3.24109589,M,2,2,1,dog,0,62961.74,62972.32,9.581375,bedroom,incorrect2,2,8,0.25
AMP053,3.24109589,M,2,2,2,cow,1,62980.03,62986.58,5.548785,pool,correct,2,8,0.25
AMP053,3.24109589,M,2,2,3,sheep,0,62994.2,63010.53,15.33458,castle,foil,2,8,0.25
AMP053,3.24109589,M,2,2,4,cat,1,63018.12,63029.63,10.50899,mountain,correct,2,8,0.25
AMP053,3.24109589,M,2,2,5,lion,0,63037.29,63045.94,7.651198,subway,foil,2,8,0.25
AMP053,3.24109589,M,2,2,6,pig,0,63053.55,63061.28,6.73457,library,incorrect2,2,8,0.25
AMP053,3.24109589,M,2,2,7,monkey,0,63068.93,63075.43,5.498983,museum,foil,2,8,0.25
AMP053,3.24109589,M,2,2,8,bear,0,63083.12,63091.19,7.069495,bouncehouse,foil,2,8,0.25
AMP078,5.567123288,M,3,2,1,monkey,1,243936.5,243942.3,4.789707,subway,correct,5,8,0.625
AMP078,5.567123288,M,3,2,2,pig,1,243950.5,243955,3.500569,baseball,correct,5,8,0.625
AMP078,5.567123288,M,3,2,3,lion,1,243961.5,243966.5,3.954028,movie,correct,5,8,0.625
AMP078,5.567123288,M,3,2,4,bear,0,243974.6,243981.3,5.769696,bowling,incorrect1,5,8,0.625
AMP078,5.567123288,M,3,2,5,cat,0,243989.4,243998.8,8.37415,bouncehouse,incorrect1,5,8,0.625
AMP078,5.567123288,M,3,2,6,sheep,1,244009.7,244022.9,12.1498,bowling,correct,5,8,0.625
AMP078,5.567123288,M,3,2,7,dog,0,244030.9,244048,16.06018,pool,foil,5,8,0.625
AMP078,5.567123288,M,3,2,8,cow,1,244056.1,244061.2,4.093757,basketball,correct,5,8,0.625
AMP085,4.161643836,M,4,2,1,lion,1,3529.79,3537.457,6.667107,barn,correct,4,8,0.5
AMP085,4.161643836,M,4,2,2,pig,0,3544.07,3554.902,9.831959,bowling,incorrect1,4,8,0.5
AMP085,4.161643836,M,4,2,3,bear,1,3563.063,3571.697,7.633495,museum,correct,4,8,0.5
AMP085,4.161643836,M,4,2,4,dog,0,3579.802,3589.926,9.123952,baseball,incorrect2,4,8,0.5
AMP085,4.161643836,M,4,2,5,monkey,0,3598.116,3606.02,6.90344,basketball,incorrect2,4,8,0.5
AMP085,4.161643836,M,4,2,6,sheep,1,3614.177,3623.233,8.054833,basketball,correct,4,8,0.5
AMP085,4.161643836,M,4,2,7,cat,0,3631.381,3638.658,6.277551,bowling,incorrect2,4,8,0.5
AMP085,4.161643836,M,4,2,8,cow,1,3646.785,3651.868,4.082334,castle,correct,4,8,0.5
AMP060,4.161643836,F,1,2,1,bear,1,2243.564,2249.01,4.445353,pool,correct,6,8,0.75
AMP060,4.161643836,F,1,2,2,monkey,1,2257.161,2262.736,4.574486,candy,correct,6,8,0.75
AMP060,4.161643836,F,1,2,3,lion,1,2270.811,2278.179,6.368231,grocery,correct,6,8,0.75
AMP060,4.161643836,F,1,2,4,dog,0,2284.739,2292.689,6.949394,car,incorrect2,6,8,0.75
AMP060,4.161643836,F,1,2,5,cat,1,2300.788,2307.466,5.67755,library,correct,6,8,0.75
AMP060,4.161643836,F,1,2,6,cow,1,2315.528,2322.076,5.547063,bedroom,correct,6,8,0.75
AMP060,4.161643836,F,1,2,7,pig,1,2330.132,2343.056,11.92418,mountain,correct,6,8,0.75
AMP060,4.161643836,F,1,2,8,sheep,0,2351.123,2359.5,7.376772,subway,foil,6,8,0.75
AMP116,4.402739726,M,2,2,1,sheep,0,2388.779,2394.123,4.342651,playground,incorrect2,2,8,0.25
AMP116,4.402739726,M,2,2,2,cow,0,2402.305,2407.081,3.776176,movie,foil,2,8,0.25
AMP116,4.402739726,M,2,2,3,cat,0,2415.158,2420.123,3.965031,basketball,foil,2,8,0.25
AMP116,4.402739726,M,2,2,4,monkey,1,2428.311,2433.015,3.703321,beach,correct,2,8,0.25
AMP116,4.402739726,M,2,2,5,dog,0,2439.85,2445.44,4.589299,bedroom,incorrect2,2,8,0.25
AMP116,4.402739726,M,2,2,6,lion,1,2453.644,2458.515,3.870391,street,correct,2,8,0.25
AMP116,4.402739726,M,2,2,7,bear,0,2466.697,2473.758,6.06158,bouncehouse,foil,2,8,0.25
AMP116,4.402739726,M,2,2,8,pig,0,2480.41,2485.466,4.055666,bowling,foil,2,8,0.25
AMP038,3.394520548,F,3,2,1,cow,0,861830.2,861852.4,21.20469,castle,incorrect1,1,8,0.125
AMP038,3.394520548,F,3,2,2,lion,0,861859,861870.7,10.7222,basketball,incorrect1,1,8,0.125
AMP038,3.394520548,F,3,2,3,dog,1,861878.8,861884.7,4.892809,bouncehouse,correct,1,8,0.125
AMP038,3.394520548,F,3,2,4,cat,0,861891.3,861897.8,5.443102,library,foil,1,8,0.125
AMP038,3.394520548,F,3,2,5,pig,0,861904.4,861915.9,10.54591,beach,foil,1,8,0.125
AMP038,3.394520548,F,3,2,6,monkey,0,861922.6,861929.8,6.244927,baseball,incorrect1,1,8,0.125
AMP038,3.394520548,F,3,2,7,bear,0,861936.4,861942,4.563672,bowling,incorrect1,1,8,0.125
AMP038,3.394520548,F,3,2,8,sheep,0,861948.6,861954.1,4.507047,subway,incorrect1,1,8,0.125
AMP027,5.517808219,M,4,2,1,lion,0,152731.1,152736.7,4.650872,street,foil,4,8,0.5
AMP027,5.517808219,M,4,2,2,bear,1,152743.3,152749,4.682077,museum,correct,4,8,0.5
AMP027,5.517808219,M,4,2,3,dog,1,152755.6,152760.4,3.797022,bowling,correct,4,8,0.5
AMP027,5.517808219,M,4,2,4,cat,0,152767,152771.4,3.344398,tent,incorrect1,4,8,0.5
AMP027,5.517808219,M,4,2,5,pig,1,152778,152785.3,6.344182,tent,correct,4,8,0.5
AMP027,5.517808219,M,4,2,6,cow,1,152793.4,152799,4.611764,castle,correct,4,8,0.5
AMP027,5.517808219,M,4,2,7,sheep,0,152807.1,152814.2,6.06118,bouncehouse,incorrect1,4,8,0.5
AMP027,5.517808219,M,4,2,8,monkey,0,152820.8,152833,11.22215,beach,foil,4,8,0.5
AMP018,4.495890411,M,1,2,1,cat,1,151703.5,151712.3,7.849414,library,correct,4,8,0.5
AMP018,4.495890411,M,1,2,2,lion,1,151719,151725.2,5.26927,grocery,correct,4,8,0.5
AMP018,4.495890411,M,1,2,3,pig,0,151731.9,151738.8,5.876881,car,incorrect1,4,8,0.5
AMP018,4.495890411,M,1,2,4,cow,0,151745.4,151752.9,6.490951,grocery,incorrect1,4,8,0.5
AMP018,4.495890411,M,1,2,5,sheep,1,151759.6,151766.5,5.92452,car,correct,4,8,0.5
AMP018,4.495890411,M,1,2,6,monkey,0,151774.7,151781.4,5.662138,beach,incorrect2,4,8,0.5
AMP018,4.495890411,M,1,2,7,dog,0,151789.4,151797.5,7.075452,movie,foil,4,8,0.5
AMP018,4.495890411,M,1,2,8,bear,1,151804.2,151809.8,4.575629,pool,correct,4,8,0.5
AMP115,3.101369863,M,4,2,1,lion,0,992521,992525.8,3.885579,tent,incorrect2,0,8,0
AMP115,3.101369863,M,4,2,2,bear,0,992533.7,992537.7,2.967698,library,foil,0,8,0
AMP115,3.101369863,M,4,2,3,pig,0,992545.3,992549.7,3.361841,bouncehouse,incorrect2,0,8,0
AMP115,3.101369863,M,4,2,4,dog,0,992557.3,992561.5,3.145286,car,foil,0,8,0
AMP115,3.101369863,M,4,2,5,monkey,0,992569.2,992574.6,4.386847,barn,incorrect1,0,8,0
AMP115,3.101369863,M,4,2,6,cat,0,992582.2,992586.7,3.509754,mountain,foil,0,8,0
AMP115,3.101369863,M,4,2,7,sheep,0,992594.4,992598.9,3.535178,bedroom,foil,0,8,0
AMP115,3.101369863,M,4,2,8,cow,0,992606.6,992613.7,6.055149,pool,foil,0,8,0
AMP128,3.052054795,F,1,2,1,bear,1,1386626,1386631,3.626442,pool,correct,8,8,1
AMP128,3.052054795,F,1,2,2,sheep,1,1386637,1386644,5.580995,car,correct,8,8,1
AMP128,3.052054795,F,1,2,3,dog,1,1386652,1386658,5.152382,beach,correct,8,8,1
AMP128,3.052054795,F,1,2,4,cat,1,1386666,1386675,7.342133,library,correct,8,8,1
AMP128,3.052054795,F,1,2,5,lion,1,1386683,1386691,7.562713,grocery,correct,8,8,1
AMP128,3.052054795,F,1,2,6,pig,1,1386699,1386708,7.673667,mountain,correct,8,8,1
AMP128,3.052054795,F,1,2,7,monkey,1,1386716,1386724,7.202991,candy,correct,8,8,1
AMP128,3.052054795,F,1,2,8,cow,1,1386731,1386737,5.188013,bedroom,correct,8,8,1
AMP031,3.071232877,M,2,2,1,sheep,1,1511086,1511091,4.202454,bedroom,correct,8,8,1
AMP031,3.071232877,M,2,2,2,monkey,1,1511098,1511106,6.437547,beach,correct,8,8,1
AMP031,3.071232877,M,2,2,3,dog,1,1511114,1511118,3.796451,car,correct,8,8,1
AMP031,3.071232877,M,2,2,4,bear,1,1511126,1511130,3.347754,library,correct,8,8,1
AMP031,3.071232877,M,2,2,5,cat,1,1511138,1511143,3.711823,mountain,correct,8,8,1
AMP031,3.071232877,M,2,2,6,pig,1,1511150,1511155,3.511865,playground,correct,8,8,1
AMP031,3.071232877,M,2,2,7,cow,1,1511161,1511168,6.032657,pool,correct,8,8,1
AMP031,3.071232877,M,2,2,8,lion,1,1511174,1511178,3.271516,street,correct,8,8,1
AMP014,4.915068493,M,3,2,1,lion,0,1055961,1055970,7.642791,basketball,incorrect1,3,8,0.375
AMP014,4.915068493,M,3,2,2,cow,1,1055978,1055984,5.840539,basketball,correct,3,8,0.375
AMP014,4.915068493,M,3,2,3,cat,0,1055991,1055997,5.573535,bouncehouse,incorrect1,3,8,0.375
AMP014,4.915068493,M,3,2,4,bear,1,1056003,1056013,8.783007,castle,correct,3,8,0.375
AMP014,4.915068493,M,3,2,5,dog,0,1056020,1056028,6.925876,subway,incorrect2,3,8,0.375
AMP014,4.915068493,M,3,2,6,sheep,1,1056036,1056043,6.159936,bowling,correct,3,8,0.375
AMP014,4.915068493,M,3,2,7,monkey,0,1056051,1056056,4.187927,baseball,incorrect1,3,8,0.375
AMP014,4.915068493,M,3,2,8,pig,0,1056064,1056070,5.243587,beach,foil,3,8,0.375
AMP082,4.539726027,M,4,2,1,cow,1,189741.6,189747.4,4.852698,castle,correct,7,8,0.875
AMP082,4.539726027,M,4,2,2,lion,1,189755.2,189761.1,4.938688,barn,correct,7,8,0.875
AMP082,4.539726027,M,4,2,3,cat,1,189767.3,189771.6,3.27739,baseball,correct,7,8,0.875
AMP082,4.539726027,M,4,2,4,bear,1,189777.7,189782.1,3.370014,museum,correct,7,8,0.875
AMP082,4.539726027,M,4,2,5,monkey,1,189789.8,189793.9,3.130089,bouncehouse,correct,7,8,0.875
AMP082,4.539726027,M,4,2,6,pig,1,189801.5,189808.8,6.347825,tent,correct,7,8,0.875
AMP082,4.539726027,M,4,2,7,sheep,1,189816.5,189827.2,9.736946,basketball,correct,7,8,0.875
AMP082,4.539726027,M,4,2,8,dog,0,189834.8,189843.5,7.783424,car,foil,7,8,0.875
AMP122,3.789041096,M,1,2,1,cat,1,973724.9,973733.6,7.729724,library,correct,5,8,0.625
AMP122,3.789041096,M,1,2,2,dog,0,973741.2,973746.1,3.915125,car,incorrect2,5,8,0.625
AMP122,3.789041096,M,1,2,3,lion,1,973753.7,973760.4,5.70739,grocery,correct,5,8,0.625
AMP122,3.789041096,M,1,2,4,bear,1,973767.9,973782.1,13.12842,pool,correct,5,8,0.625
AMP122,3.789041096,M,1,2,5,monkey,0,973788.2,973793.8,4.660927,pool,incorrect1,5,8,0.625
AMP122,3.789041096,M,1,2,6,pig,1,973801.4,973806.4,3.984051,mountain,correct,5,8,0.625
AMP122,3.789041096,M,1,2,7,cow,0,973813.9,973826.9,11.92873,grocery,incorrect1,5,8,0.625
AMP122,3.789041096,M,1,2,8,sheep,1,973832.9,973840,6.04577,car,correct,5,8,0.625
AMP063,3.189041096,F,2,2,1,cat,1,902.1921,908.1312,4.938504,mountain,correct,4,8,0.5
AMP063,3.189041096,F,2,2,2,sheep,0,915.6858,922.607,5.920885,playground,incorrect2,4,8,0.5
AMP063,3.189041096,F,2,2,3,lion,0,930.2071,935.2656,4.058238,subway,foil,4,8,0.5
AMP063,3.189041096,F,2,2,4,pig,1,942.7924,948.2911,4.498379,playground,correct,4,8,0.5
AMP063,3.189041096,F,2,2,5,dog,1,955.83,961.7343,4.903305,car,correct,4,8,0.5
AMP063,3.189041096,F,2,2,6,cow,1,969.3231,977.4106,7.087121,pool,correct,4,8,0.5
AMP063,3.189041096,F,2,2,7,monkey,0,983.5041,990.4861,5.981674,library,incorrect1,4,8,0.5
AMP063,3.189041096,F,2,2,8,bear,0,998.0887,1003.395,4.305558,bouncehouse,foil,4,8,0.5
AMP119,4.265753425,F,1,3,1,sheep,0,13968.52,13974.86,5.335095,subway,foil,3,8,0.375
AMP119,4.265753425,F,1,3,2,pig,1,13981.57,13986.32,3.744738,mountain,correct,3,8,0.375
AMP119,4.265753425,F,1,3,3,bear,0,13993.09,13999.97,5.882024,bowling,foil,3,8,0.375
AMP119,4.265753425,F,1,3,4,monkey,1,14008.15,14014.35,5.20225,candy,correct,3,8,0.375
AMP119,4.265753425,F,1,3,5,cat,0,14022.41,14026.86,3.451933,bouncehouse,foil,3,8,0.375
AMP119,4.265753425,F,1,3,6,dog,0,14034.93,14040.15,4.224967,movie,foil,3,8,0.375
AMP119,4.265753425,F,1,3,7,lion,1,14048.28,14055.94,6.66525,grocery,correct,3,8,0.375
AMP119,4.265753425,F,1,3,8,cow,0,14064.03,14068.8,3.773503,castle,foil,3,8,0.375
AMP108,4.01369863,F,2,3,1,monkey,1,97505.95,97515.8,8.845789,beach,correct,3,8,0.375
AMP108,4.01369863,F,2,3,2,bear,1,97523.07,97530.51,6.432364,library,correct,3,8,0.375
AMP108,4.01369863,F,2,3,3,dog,0,97539.14,97543.9,3.76241,playground,incorrect1,3,8,0.375
AMP108,4.01369863,F,2,3,4,cow,0,97552.62,97557.12,3.507402,movie,foil,3,8,0.375
AMP108,4.01369863,F,2,3,5,cat,0,97565.74,97570.53,3.797684,pool,incorrect1,3,8,0.375
AMP108,4.01369863,F,2,3,6,sheep,1,97579.16,97585.76,5.600461,bedroom,correct,3,8,0.375
AMP108,4.01369863,F,2,3,7,lion,0,97594.42,97605.14,9.724348,subway,foil,3,8,0.375
AMP108,4.01369863,F,2,3,8,pig,0,97612.25,97618.72,5.464602,bowling,foil,3,8,0.375
AMP045,3.446575342,F,3,3,1,lion,0,2016.54,2022.525,4.985007,basketball,incorrect1,2,8,0.25
AMP045,3.446575342,F,3,3,2,cow,0,2030.246,2041.538,10.29169,museum,incorrect2,2,8,0.25
AMP045,3.446575342,F,3,3,3,dog,0,2049.22,2054.93,4.709478,pool,foil,2,8,0.25
AMP045,3.446575342,F,3,3,4,monkey,1,2062.632,2067.021,3.388426,subway,correct,2,8,0.25
AMP045,3.446575342,F,3,3,5,pig,1,2074.706,2080.714,5.007284,baseball,correct,2,8,0.25
AMP045,3.446575342,F,3,3,6,cat,0,2088.395,2100.127,10.73165,bouncehouse,incorrect1,2,8,0.25
AMP045,3.446575342,F,3,3,7,bear,0,2106.385,2111.284,3.899309,playground,foil,2,8,0.25
AMP045,3.446575342,F,3,3,8,sheep,0,2118.99,2125.611,5.620398,bouncehouse,incorrect2,2,8,0.25
AMP043,3.468493151,F,1,3,1,monkey,1,1499.172,1567.688,67.51541,candy,correct,3,8,0.375
AMP043,3.468493151,F,1,3,2,cat,1,1574.479,1598.475,22.99556,library,correct,3,8,0.375
AMP043,3.468493151,F,1,3,3,dog,0,1606.665,1626.744,19.07929,car,incorrect2,3,8,0.375
AMP043,3.468493151,F,1,3,4,pig,0,1634.996,1667.555,31.55866,bedroom,incorrect2,3,8,0.375
AMP043,3.468493151,F,1,3,5,sheep,0,1675.738,1686.001,9.262806,grocery,incorrect2,3,8,0.375
AMP043,3.468493151,F,1,3,6,cow,0,1694.298,1740.787,45.48897,castle,foil,3,8,0.375
AMP043,3.468493151,F,1,3,7,bear,1,1749.042,1792.856,42.81335,pool,correct,3,8,0.375
AMP043,3.468493151,F,1,3,8,lion,0,1801,1808.716,6.715706,basketball,foil,3,8,0.375
AMP016,5.252054795,M,2,3,1,lion,0,177963.6,177967.9,3.29119,bedroom,incorrect1,5,8,0.625
AMP016,5.252054795,M,2,3,2,dog,1,177976,177981.3,4.287863,car,correct,5,8,0.625
AMP016,5.252054795,M,2,3,3,cat,1,177989.4,177997.6,7.264141,mountain,correct,5,8,0.625
AMP016,5.252054795,M,2,3,4,sheep,1,178005.7,178011.5,4.759273,bedroom,correct,5,8,0.625
AMP016,5.252054795,M,2,3,5,cow,1,178019.6,178025.3,4.623838,pool,correct,5,8,0.625
AMP016,5.252054795,M,2,3,6,monkey,0,178033.3,178044.3,9.958513,library,incorrect1,5,8,0.625
AMP016,5.252054795,M,2,3,7,pig,0,178052.4,178059.1,5.667274,bowling,foil,5,8,0.625
AMP016,5.252054795,M,2,3,8,bear,1,178067.2,178071.8,3.660642,library,correct,5,8,0.625
AMP072,5.068493151,M,3,3,1,pig,0,768645,768649.7,3.698592,basketball,incorrect2,3,8,0.375
AMP072,5.068493151,M,3,3,2,lion,1,768657.8,768663.2,4.399073,movie,correct,3,8,0.375
AMP072,5.068493151,M,3,3,3,cow,1,768671.3,768677,4.701086,basketball,correct,3,8,0.375
AMP072,5.068493151,M,3,3,4,dog,1,768685,768689.5,3.498496,bouncehouse,correct,3,8,0.375
AMP072,5.068493151,M,3,3,5,cat,0,768697.6,768702.2,3.595728,baseball,incorrect2,3,8,0.375
AMP072,5.068493151,M,3,3,6,sheep,0,768710.4,768715.7,4.280087,subway,incorrect1,3,8,0.375
AMP072,5.068493151,M,3,3,7,bear,0,768723.8,768730.4,5.664228,bowling,incorrect1,3,8,0.375
AMP072,5.068493151,M,3,3,8,monkey,0,768738.5,768743.4,3.879525,bowling,incorrect2,3,8,0.375
AMP049,5.323287671,M,4,3,1,monkey,0,771819,771824.8,4.747269,beach,foil,4,8,0.5
AMP049,5.323287671,M,4,3,2,cat,1,771832.9,771838.5,4.660105,baseball,correct,4,8,0.5
AMP049,5.323287671,M,4,3,3,lion,1,771846.7,771851.4,3.656409,barn,correct,4,8,0.5
AMP049,5.323287671,M,4,3,4,sheep,1,771859.5,771867.1,6.584766,basketball,correct,4,8,0.5
AMP049,5.323287671,M,4,3,5,pig,0,771873.7,771880.8,6.098317,bowling,incorrect1,4,8,0.5
AMP049,5.323287671,M,4,3,6,dog,0,771887.4,771892.1,3.723086,car,foil,4,8,0.5
AMP049,5.323287671,M,4,3,7,cow,1,771898.8,771903.1,3.369422,castle,correct,4,8,0.5
AMP049,5.323287671,M,4,3,8,bear,0,771911.3,771916.5,4.178835,castle,incorrect2,4,8,0.5
AMP058,5.191780822,M,1,3,1,monkey,0,763424,763430.1,5.125521,pool,incorrect1,4,8,0.5
AMP058,5.191780822,M,1,3,2,lion,0,763436.7,763440,2.273539,candy,incorrect2,4,8,0.5
AMP058,5.191780822,M,1,3,3,dog,0,763448.1,763455.3,6.20678,car,incorrect2,4,8,0.5
AMP058,5.191780822,M,1,3,4,cow,1,763463.5,763470.2,5.670171,bedroom,correct,4,8,0.5
AMP058,5.191780822,M,1,3,5,cat,1,763478.3,763483.8,4.495242,library,correct,4,8,0.5
AMP058,5.191780822,M,1,3,6,pig,0,763491.9,763497.8,4.937333,car,incorrect1,4,8,0.5
AMP058,5.191780822,M,1,3,7,sheep,1,763504.4,763513,7.552107,car,correct,4,8,0.5
AMP058,5.191780822,M,1,3,8,bear,1,763519.5,763523.2,2.692679,pool,correct,4,8,0.5
AMP036,5.073972603,F,2,3,1,lion,0,607408.5,607415.9,6.360495,bedroom,incorrect1,4,8,0.5
AMP036,5.073972603,F,2,3,2,sheep,0,607424.1,607430.2,5.183313,playground,incorrect2,4,8,0.5
AMP036,5.073972603,F,2,3,3,cat,0,607438.3,607443.9,4.543638,pool,incorrect1,4,8,0.5
AMP036,5.073972603,F,2,3,4,cow,0,607450.6,607457.5,5.838471,car,incorrect1,4,8,0.5
AMP036,5.073972603,F,2,3,5,monkey,1,607464.2,607472.9,7.689128,beach,correct,4,8,0.5
AMP036,5.073972603,F,2,3,6,bear,1,607481,607487.5,5.49472,library,correct,4,8,0.5
AMP036,5.073972603,F,2,3,7,dog,1,607495.7,607504.7,8.005357,car,correct,4,8,0.5
AMP036,5.073972603,F,2,3,8,pig,1,607511.3,607518.5,6.23527,playground,correct,4,8,0.5
AMP131,5.336986301,F,3,3,1,pig,0,1047077,1047084,6.19228,basketball,incorrect2,4,8,0.5
AMP131,5.336986301,F,3,3,2,monkey,1,1047092,1047097,3.931288,subway,correct,4,8,0.5
AMP131,5.336986301,F,3,3,3,lion,1,1047105,1047111,5.212808,movie,correct,4,8,0.5
AMP131,5.336986301,F,3,3,4,cat,0,1047118,1047123,4.00828,bouncehouse,incorrect1,4,8,0.5
AMP131,5.336986301,F,3,3,5,dog,1,1047131,1047138,6.485642,bouncehouse,correct,4,8,0.5
AMP131,5.336986301,F,3,3,6,bear,0,1047147,1047151,3.763215,movie,incorrect2,4,8,0.5
AMP131,5.336986301,F,3,3,7,sheep,0,1047160,1047164,2.961783,bouncehouse,incorrect2,4,8,0.5
AMP131,5.336986301,F,3,3,8,cow,1,1047172,1047178,5.307401,basketball,correct,4,8,0.5
AMP135,5.671232877,F,4,3,1,lion,0,93382.58,93388.06,4.479586,castle,incorrect1,5,8,0.625
AMP135,5.671232877,F,4,3,2,bear,1,93396.25,93401.35,4.096918,museum,correct,5,8,0.625
AMP135,5.671232877,F,4,3,3,cow,0,93409.49,93415.31,4.81981,basketball,incorrect1,5,8,0.625
AMP135,5.671232877,F,4,3,4,cat,1,93423.59,93428,3.409161,baseball,correct,5,8,0.625
AMP135,5.671232877,F,4,3,5,monkey,1,93436.17,93440.81,3.637679,bouncehouse,correct,5,8,0.625
AMP135,5.671232877,F,4,3,6,dog,1,93448.92,93454.92,4.993917,bowling,correct,5,8,0.625
AMP135,5.671232877,F,4,3,7,pig,1,93461.48,93467.91,5.435801,tent,correct,5,8,0.625
AMP135,5.671232877,F,4,3,8,sheep,0,93475.99,93484.62,7.628439,barn,incorrect2,5,8,0.625
AMP020,5.550684932,M,1,3,1,sheep,0,2027.54,2037.444,8.903292,subway,foil,5,8,0.625
AMP020,5.550684932,M,1,3,2,bear,1,2045.682,2052.404,5.721822,pool,correct,5,8,0.625
AMP020,5.550684932,M,1,3,3,cow,0,2060.589,2066.146,4.5575,grocery,incorrect1,5,8,0.625
AMP020,5.550684932,M,1,3,4,lion,0,2074.307,2082.924,7.617166,beach,incorrect1,5,8,0.625
AMP020,5.550684932,M,1,3,5,monkey,1,2089.593,2100.47,9.876232,candy,correct,5,8,0.625
AMP020,5.550684932,M,1,3,6,dog,1,2108.599,2115.029,5.429524,beach,correct,5,8,0.625
AMP020,5.550684932,M,1,3,7,cat,1,2121.675,2125.086,2.410103,library,correct,5,8,0.625
AMP020,5.550684932,M,1,3,8,pig,1,2133.191,2141.964,7.772134,mountain,correct,5,8,0.625
AMP002,5.632876712,M,2,3,1,bear,1,4664.946,4669.241,3.294898,library,correct,8,8,1
AMP002,5.632876712,M,2,3,2,pig,1,4677.289,4681.85,3.561023,playground,correct,8,8,1
AMP002,5.632876712,M,2,3,3,sheep,1,4689.909,4694.558,3.649114,bedroom,correct,8,8,1
AMP002,5.632876712,M,2,3,4,cow,1,4702.671,4708.851,5.180495,pool,correct,8,8,1
AMP002,5.632876712,M,2,3,5,cat,1,4716.936,4724.645,6.709483,mountain,correct,8,8,1
AMP002,5.632876712,M,2,3,6,dog,1,4731.242,4736.02,3.777638,car,correct,8,8,1
AMP002,5.632876712,M,2,3,7,lion,1,4744.104,4749.062,3.957687,street,correct,8,8,1
AMP002,5.632876712,M,2,3,8,monkey,1,4757.128,4762.239,4.110041,beach,correct,8,8,1
AMP117,3.361643836,M,3,3,1,bear,1,5754.047,5764.36,9.311991,castle,correct,6,8,0.75
AMP117,3.361643836,M,3,3,2,cat,0,5772.444,5781.471,8.026621,bouncehouse,incorrect1,6,8,0.75
AMP117,3.361643836,M,3,3,3,pig,1,5788.056,5793.412,4.356221,baseball,correct,6,8,0.75
AMP117,3.361643836,M,3,3,4,monkey,1,5801.523,5806.654,4.130467,subway,correct,6,8,0.75
AMP117,3.361643836,M,3,3,5,sheep,1,5814.76,5821.048,5.287463,bowling,correct,6,8,0.75
AMP117,3.361643836,M,3,3,6,lion,1,5827.59,5833.105,4.515043,movie,correct,6,8,0.75
AMP117,3.361643836,M,3,3,7,dog,0,5839.613,5846.481,5.867431,pool,foil,6,8,0.75
AMP117,3.361643836,M,3,3,8,cow,1,5854.605,5862.626,7.02011,basketball,correct,6,8,0.75
AMP069,5.147945205,M,4,3,1,cow,0,65139.48,65146.25,5.765615,basketball,incorrect1,7,8,0.875
AMP069,5.147945205,M,4,3,2,lion,1,65153.11,65158.16,4.048208,barn,correct,7,8,0.875
AMP069,5.147945205,M,4,3,3,bear,1,65166.35,65174.3,6.945251,museum,correct,7,8,0.875
AMP069,5.147945205,M,4,3,4,monkey,1,65182.6,65187.61,4.00853,bouncehouse,correct,7,8,0.875
AMP069,5.147945205,M,4,3,5,cat,1,65195.76,65203.6,6.840325,baseball,correct,7,8,0.875
AMP069,5.147945205,M,4,3,6,pig,1,65210.25,65217.31,6.061556,tent,correct,7,8,0.875
AMP069,5.147945205,M,4,3,7,dog,1,65225.48,65229.4,2.927155,bowling,correct,7,8,0.875
AMP069,5.147945205,M,4,3,8,sheep,1,65237.61,65242.88,4.273214,basketball,correct,7,8,0.875
AMP047,5.676712329,F,1,3,1,cat,1,77624.82,77630.54,4.719253,library,correct,8,8,1
AMP047,5.676712329,F,1,3,2,lion,1,77638.66,77643.2,3.534115,grocery,correct,8,8,1
AMP047,5.676712329,F,1,3,3,pig,1,77651.31,77657.54,5.227152,mountain,correct,8,8,1
AMP047,5.676712329,F,1,3,4,cow,1,77665.68,77671.53,4.846602,bedroom,correct,8,8,1
AMP047,5.676712329,F,1,3,5,monkey,1,77679.63,77685.41,4.777547,candy,correct,8,8,1
AMP047,5.676712329,F,1,3,6,bear,1,77693.5,77699.77,5.270635,pool,correct,8,8,1
AMP047,5.676712329,F,1,3,7,dog,1,77706.35,77722.55,15.1984,beach,correct,8,8,1
AMP047,5.676712329,F,1,3,8,sheep,1,77729.19,77736.32,6.12873,car,correct,8,8,1
AMP015,4.460273973,M,2,3,1,pig,1,158811.7,158816.9,4.148911,playground,correct,5,8,0.625
AMP015,4.460273973,M,2,3,2,dog,1,158825,158829.7,3.672765,car,correct,5,8,0.625
AMP015,4.460273973,M,2,3,3,cat,0,158836.4,158841.4,4.025022,pool,incorrect1,5,8,0.625
AMP015,4.460273973,M,2,3,4,lion,1,158849.6,158854.2,3.54697,street,correct,5,8,0.625
AMP015,4.460273973,M,2,3,5,monkey,0,158862.3,158867.4,4.035292,library,incorrect1,5,8,0.625
AMP015,4.460273973,M,2,3,6,cow,1,158874.1,158879.1,3.980359,pool,correct,5,8,0.625
AMP015,4.460273973,M,2,3,7,bear,1,158887.4,158912.6,24.19148,library,correct,5,8,0.625
AMP015,4.460273973,M,2,3,8,sheep,0,158919.1,158923.9,3.743607,playground,incorrect2,5,8,0.625
AMP091,5.701369863,F,3,3,1,sheep,1,1035502,1035520,16.68583,bowling,correct,2,8,0.25
AMP091,5.701369863,F,3,3,2,monkey,0,1035527,1035536,8.558949,baseball,incorrect1,2,8,0.25
AMP091,5.701369863,F,3,3,3,pig,0,1035544,1035549,3.509588,beach,foil,2,8,0.25
AMP091,5.701369863,F,3,3,4,cat,0,1035557,1035562,3.936991,bouncehouse,incorrect1,2,8,0.25
AMP091,5.701369863,F,3,3,5,lion,0,1035570,1035575,4.085731,castle,incorrect2,2,8,0.25
AMP091,5.701369863,F,3,3,6,dog,0,1035584,1035589,3.851192,pool,foil,2,8,0.25
AMP091,5.701369863,F,3,3,7,cow,1,1035597,1035606,7.262294,basketball,correct,2,8,0.25
AMP091,5.701369863,F,3,3,8,bear,0,1035614,1035619,4.68052,playground,foil,2,8,0.25
AMP126,3.712328767,F,4,3,1,pig,1,336424.2,336429.4,4.176827,tent,correct,3,8,0.375
AMP126,3.712328767,F,4,3,2,sheep,1,336437.6,336442.8,4.219168,basketball,correct,3,8,0.375
AMP126,3.712328767,F,4,3,3,cat,0,336451.1,336456.7,4.586198,bowling,incorrect2,3,8,0.375
AMP126,3.712328767,F,4,3,4,lion,0,336465.1,336469.9,3.840232,castle,incorrect1,3,8,0.375
AMP126,3.712328767,F,4,3,5,bear,0,336478.1,336484.2,5.113683,baseball,incorrect1,3,8,0.375
AMP126,3.712328767,F,4,3,6,monkey,0,336490.9,336497.3,5.402049,beach,foil,3,8,0.375
AMP126,3.712328767,F,4,3,7,dog,1,336505.6,336510,3.485385,bowling,correct,3,8,0.375
AMP126,3.712328767,F,4,3,8,cow,0,336518.2,336522.6,3.419938,pool,foil,3,8,0.375
AMP086,3.84109589,F,4,3,1,dog,0,846928.2,846932.2,2.96381,car,foil,1,8,0.125
AMP086,3.84109589,F,4,3,2,bear,0,846940.4,846947.1,5.716294,library,foil,1,8,0.125
AMP086,3.84109589,F,4,3,3,pig,0,846953.7,846956.8,2.11552,bouncehouse,incorrect2,1,8,0.125
AMP086,3.84109589,F,4,3,4,monkey,0,846965,846973.8,7.741869,basketball,incorrect2,1,8,0.125
AMP086,3.84109589,F,4,3,5,lion,1,846982,846985.4,2.354182,barn,correct,1,8,0.125
AMP086,3.84109589,F,4,3,6,cow,0,846993.5,847000.1,5.526966,pool,foil,1,8,0.125
AMP086,3.84109589,F,4,3,7,sheep,0,847008.2,847011.6,2.398249,bedroom,foil,1,8,0.125
AMP086,3.84109589,F,4,3,8,cat,0,847019.8,847023.6,2.802424,bowling,incorrect2,1,8,0.125
AMP093,3.750684932,F,2,3,1,sheep,0,1483.308,1488.76,4.45112,playground,incorrect2,4,8,0.5
AMP093,3.750684932,F,2,3,2,bear,1,1497.02,1501.035,3.014722,library,correct,4,8,0.5
AMP093,3.750684932,F,2,3,3,lion,0,1509.179,1513.96,3.780577,bedroom,incorrect1,4,8,0.5
AMP093,3.750684932,F,2,3,4,monkey,1,1522.344,1527.036,3.691692,beach,correct,4,8,0.5
AMP093,3.750684932,F,2,3,5,cat,0,1535.209,1539.878,3.66832,pool,incorrect1,4,8,0.5
AMP093,3.750684932,F,2,3,6,dog,1,1548.021,1557.072,8.051332,car,correct,4,8,0.5
AMP093,3.750684932,F,2,3,7,pig,0,1563.845,1573.75,8.9046,bowling,foil,4,8,0.5
AMP093,3.750684932,F,2,3,8,cow,1,1581.945,1587.443,4.497895,pool,correct,4,8,0.5
AMP120,4.684931507,F,4,3,1,lion,0,346679.8,346685.9,5.060829,castle,incorrect1,3,8,0.375
AMP120,4.684931507,F,4,3,2,bear,1,346694.1,346698.6,3.467469,museum,correct,3,8,0.375
AMP120,4.684931507,F,4,3,3,sheep,0,346706.7,346712.1,4.324026,barn,incorrect2,3,8,0.375
AMP120,4.684931507,F,4,3,4,cat,1,346720.2,346725.7,4.519901,baseball,correct,3,8,0.375
AMP120,4.684931507,F,4,3,5,monkey,0,346733.9,346739.7,4.796028,beach,foil,3,8,0.375
AMP120,4.684931507,F,4,3,6,cow,0,346746.3,346752.4,5.092576,pool,foil,3,8,0.375
AMP120,4.684931507,F,4,3,7,pig,0,346760.5,346767.1,5.579194,bouncehouse,incorrect2,3,8,0.375
AMP120,4.684931507,F,4,3,8,dog,1,346775.2,346780.1,3.912304,bowling,correct,3,8,0.375
AMP130,3.446575342,M,1,3,1,sheep,0,763703.8,763710.6,5.717222,subway,foil,1,8,0.125
AMP130,3.446575342,M,1,3,2,pig,0,763718.7,763730.1,10.42125,museum,foil,1,8,0.125
AMP130,3.446575342,M,1,3,3,monkey,0,763736.8,763750.2,12.44869,baseball,foil,1,8,0.125
AMP130,3.446575342,M,1,3,4,cat,0,763758.4,763767.6,8.26045,bouncehouse,foil,1,8,0.125
AMP130,3.446575342,M,1,3,5,dog,0,763775.8,763795.8,19.03241,movie,foil,1,8,0.125
AMP130,3.446575342,M,1,3,6,cow,0,763804,763814.8,9.848767,castle,foil,1,8,0.125
AMP130,3.446575342,M,1,3,7,lion,0,763822.9,763832.3,8.389009,candy,incorrect2,1,8,0.125
AMP130,3.446575342,M,1,3,8,bear,1,763840.5,763847.7,6.16443,pool,correct,1,8,0.125
AMP004,4.660273973,F,2,3,1,cat,0,71306.5,71312.6,5.105054,beach,incorrect2,1,8,0.125
AMP004,4.660273973,F,2,3,2,bear,0,71320.33,71327.33,6.000063,car,incorrect2,1,8,0.125
AMP004,4.660273973,F,2,3,3,cow,0,71335.03,71339.87,3.843083,street,incorrect2,1,8,0.125
AMP004,4.660273973,F,2,3,4,monkey,0,71347.54,71358.73,10.19794,library,incorrect1,1,8,0.125
AMP004,4.660273973,F,2,3,5,pig,1,71366.34,71373.51,6.16925,playground,correct,1,8,0.125
AMP004,4.660273973,F,2,3,6,lion,0,71381.18,71389.74,7.560926,subway,foil,1,8,0.125
AMP004,4.660273973,F,2,3,7,sheep,0,71397.41,71401.95,3.53947,castle,foil,1,8,0.125
AMP004,4.660273973,F,2,3,8,dog,0,71409.57,71413.62,3.047632,baseball,foil,1,8,0.125
AMP112,3.463013699,F,4,3,1,bear,1,1293154,1293163,8.279136,museum,correct,6,8,0.75
AMP112,3.463013699,F,4,3,2,cow,1,1293169,1293177,6.323523,castle,correct,6,8,0.75
AMP112,3.463013699,F,4,3,3,monkey,1,1293185,1293189,3.30311,bouncehouse,correct,6,8,0.75
AMP112,3.463013699,F,4,3,4,pig,1,1293197,1293204,6.779522,tent,correct,6,8,0.75
AMP112,3.463013699,F,4,3,5,lion,1,1293211,1293218,5.917233,barn,correct,6,8,0.75
AMP112,3.463013699,F,4,3,6,sheep,1,1293225,1293232,5.98456,basketball,correct,6,8,0.75
AMP112,3.463013699,F,4,3,7,cat,0,1293240,1293245,3.877138,bowling,incorrect2,6,8,0.75
AMP112,3.463013699,F,4,3,8,dog,0,1293252,1293259,5.418719,baseball,incorrect2,6,8,0.75
AMP089,3.953424658,M,3,3,1,dog,1,780124.4,780130.5,5.042177,bouncehouse,correct,4,8,0.5
AMP089,3.953424658,M,3,3,2,lion,1,780138.7,780145.4,5.724346,movie,correct,4,8,0.5
AMP089,3.953424658,M,3,3,3,cow,1,780153.7,780166.6,11.87472,basketball,correct,4,8,0.5
AMP089,3.953424658,M,3,3,4,monkey,0,780174.8,780181.7,5.945523,car,foil,4,8,0.5
AMP089,3.953424658,M,3,3,5,pig,0,780189.9,780197.3,6.34908,beach,foil,4,8,0.5
AMP089,3.953424658,M,3,3,6,bear,1,780205.4,780213.1,6.702871,castle,correct,4,8,0.5
AMP089,3.953424658,M,3,3,7,sheep,0,780219.9,780232.8,11.86366,street,foil,4,8,0.5
AMP089,3.953424658,M,3,3,8,cat,0,780240.9,780249.6,7.719526,library,foil,4,8,0.5
AMP092,3.142465753,M,4,3,1,bear,0,703046.2,703055.7,8.513109,baseball,incorrect1,1,8,0.125
AMP092,3.142465753,M,4,3,2,cow,0,703062.1,703068.2,5.16347,pool,foil,1,8,0.125
AMP092,3.142465753,M,4,3,3,dog,1,703074.5,703080.3,4.826983,bowling,correct,1,8,0.125
AMP092,3.142465753,M,4,3,4,lion,0,703088.3,703095.1,5.852371,tent,incorrect2,1,8,0.125
AMP092,3.142465753,M,4,3,5,cat,0,703102.9,703110.2,6.237272,mountain,foil,1,8,0.125
AMP092,3.142465753,M,4,3,6,pig,0,703118,703124.2,5.235869,playground,foil,1,8,0.125
AMP092,3.142465753,M,4,3,7,sheep,0,703132,703136.4,3.395243,bouncehouse,incorrect1,1,8,0.125
AMP092,3.142465753,M,4,3,8,monkey,0,703144.2,703151.2,5.985571,basketball,incorrect2,1,8,0.125
AMP034,3.567123288,F,2,3,1,cat,1,703981.6,704035.7,53.12532,mountain,correct,3,8,0.375
AMP034,3.567123288,F,2,3,2,sheep,0,704043.5,704056.9,12.46184,castle,foil,3,8,0.375
AMP034,3.567123288,F,2,3,3,dog,1,704063.2,704090,25.80925,car,correct,3,8,0.375
AMP034,3.567123288,F,2,3,4,lion,1,704096.3,704103.2,5.919,street,correct,3,8,0.375
AMP034,3.567123288,F,2,3,5,bear,0,704111,704116.9,4.913079,bouncehouse,foil,3,8,0.375
AMP034,3.567123288,F,2,3,6,monkey,0,704124.6,704156.7,31.03442,museum,foil,3,8,0.375
AMP034,3.567123288,F,2,3,7,cow,0,704164.5,704171.6,6.142331,movie,foil,3,8,0.375
AMP034,3.567123288,F,2,3,8,pig,0,704179.3,704185.4,5.089092,bowling,foil,3,8,0.375
AMP066,3.22739726,F,3,3,1,bear,0,1958381,1958385,3.36937,playground,foil,1,8,0.125
AMP066,3.22739726,F,3,3,2,lion,1,1958393,1958397,2.8564600000000002,movie,correct,1,8,0.125
AMP066,3.22739726,F,3,3,3,sheep,0,1958404,1958409,3.385285,bouncehouse,incorrect2,1,8,0.125
AMP066,3.22739726,F,3,3,4,pig,0,1958416,1958422,4.653401,museum,incorrect1,1,8,0.125
AMP066,3.22739726,F,3,3,5,monkey,0,1958430,1958436,4.977524,bowling,incorrect2,1,8,0.125
AMP066,3.22739726,F,3,3,6,cat,0,1958443,1958449,4.701403,library,foil,1,8,0.125
AMP066,3.22739726,F,3,3,7,cow,0,1958457,1958464,6.085238,bedroom,foil,1,8,0.125
AMP066,3.22739726,F,3,3,8,dog,0,1958470,1958478,6.835235,movie,incorrect1,1,8,0.125
AMP041,3.468493151,F,4,3,1,bear,0,191792.7,191797.6,3.968807,castle,incorrect2,0,8,0
AMP041,3.468493151,F,4,3,2,monkey,0,191805.2,191812,5.74224,basketball,incorrect2,0,8,0
AMP041,3.468493151,F,4,3,3,sheep,0,191819.5,191825.1,4.544795,bouncehouse,incorrect1,0,8,0
AMP041,3.468493151,F,4,3,4,cow,0,191832.6,191837.6,3.953712,museum,incorrect2,0,8,0
AMP041,3.468493151,F,4,3,5,dog,0,191845.1,191853,6.839704,baseball,incorrect2,0,8,0
AMP041,3.468493151,F,4,3,6,cat,0,191860.5,191865.4,3.920806,tent,incorrect1,0,8,0
AMP041,3.468493151,F,4,3,7,lion,0,191873,191876.4,2.388584,street,foil,0,8,0
AMP041,3.468493151,F,4,3,8,pig,0,191883.9,191888.2,3.31647,bouncehouse,incorrect2,0,8,0
AMP054,4.706849315,M,1,3,1,cat,0,716412.6,716421.9,8.29755,bouncehouse,foil,3,8,0.375
AMP054,4.706849315,M,1,3,2,sheep,0,716428,716436.4,7.38976,subway,foil,3,8,0.375
AMP054,4.706849315,M,1,3,3,pig,0,716444,716450.6,5.636942,car,incorrect1,3,8,0.375
AMP054,4.706849315,M,1,3,4,cow,0,716456.6,716462.4,4.743659,library,incorrect2,3,8,0.375
AMP054,4.706849315,M,1,3,5,lion,1,716469.9,716473.8,2.810352,grocery,correct,3,8,0.375
AMP054,4.706849315,M,1,3,6,monkey,1,716479.8,716483.9,3.045504,candy,correct,3,8,0.375
AMP054,4.706849315,M,1,3,7,bear,0,716491.4,716503.4,10.97121,bedroom,incorrect1,3,8,0.375
AMP054,4.706849315,M,1,3,8,dog,1,716510.9,716516.5,4.584292,beach,correct,3,8,0.375
AMP064,4.246575342,M,2,3,1,bear,0,971799.8,971806.9,6.152218,bouncehouse,foil,2,8,0.25
AMP064,4.246575342,M,2,3,2,dog,0,971814.6,971819.3,3.686565,baseball,foil,2,8,0.25
AMP064,4.246575342,M,2,3,3,lion,1,971826.9,971831.5,3.583981,street,correct,2,8,0.25
AMP064,4.246575342,M,2,3,4,pig,0,971839.1,971845.4,5.300745,beach,incorrect1,2,8,0.25
AMP064,4.246575342,M,2,3,5,monkey,1,971853,971857.9,3.896751,beach,correct,2,8,0.25
AMP064,4.246575342,M,2,3,6,sheep,0,971865.5,971869.8,3.331003,playground,incorrect2,2,8,0.25
AMP064,4.246575342,M,2,3,7,cat,0,971877.4,971883.3,4.885467,beach,incorrect2,2,8,0.25
AMP064,4.246575342,M,2,3,8,cow,0,971890.9,971895.3,3.383898,car,incorrect1,2,8,0.25
AMP022,4.98630137,M,3,3,1,lion,1,800446.2,800450.4,3.245538,movie,correct,4,8,0.5
AMP022,4.98630137,M,3,3,2,monkey,0,800458,800462.9,3.838755,bowling,incorrect2,4,8,0.5
AMP022,4.98630137,M,3,3,3,cat,0,800470.5,800475.5,4.052305,bouncehouse,incorrect1,4,8,0.5
AMP022,4.98630137,M,3,3,4,cow,1,800481.6,800495.1,12.53209,basketball,correct,4,8,0.5
AMP022,4.98630137,M,3,3,5,sheep,0,800501.3,800511.4,9.104312,subway,incorrect1,4,8,0.5
AMP022,4.98630137,M,3,3,6,bear,1,800517.5,800522.4,3.865329,castle,correct,4,8,0.5
AMP022,4.98630137,M,3,3,7,pig,0,800530,800538.7,7.648819,museum,incorrect1,4,8,0.5
AMP022,4.98630137,M,3,3,8,dog,1,800546.2,800551.7,4.576571,bouncehouse,correct,4,8,0.5
AMP101,4.780821918,F,4,3,1,pig,1,1038897,1038913,14.83457,tent,correct,7,8,0.875
AMP101,4.780821918,F,4,3,2,cat,1,1038921,1038928,6.087763,baseball,correct,7,8,0.875
AMP101,4.780821918,F,4,3,3,sheep,1,1038935,1038944,7.131009,basketball,correct,7,8,0.875
AMP101,4.780821918,F,4,3,4,bear,1,1038951,1038959,6.40076,museum,correct,7,8,0.875
AMP101,4.780821918,F,4,3,5,dog,1,1038966,1038983,15.98973,bowling,correct,7,8,0.875
AMP101,4.780821918,F,4,3,6,lion,1,1038989,1038997,6.70919,barn,correct,7,8,0.875
AMP101,4.780821918,F,4,3,7,cow,1,1039005,1039010,4.313015,castle,correct,7,8,0.875
AMP101,4.780821918,F,4,3,8,monkey,0,1039016,1039022,4.719813,basketball,incorrect2,7,8,0.875
AMP067,4.630136986,M,1,3,1,bear,0,1401325,1401330,3.424169,mountain,incorrect2,3,8,0.375
AMP067,4.630136986,M,1,3,2,sheep,1,1401337,1401342,3.368559,car,correct,3,8,0.375
AMP067,4.630136986,M,1,3,3,cat,1,1401348,1401353,3.689023,library,correct,3,8,0.375
AMP067,4.630136986,M,1,3,4,monkey,0,1401360,1401368,6.904811,beach,incorrect2,3,8,0.375
AMP067,4.630136986,M,1,3,5,dog,0,1401376,1401380,3.746339,movie,foil,3,8,0.375
AMP067,4.630136986,M,1,3,6,lion,1,1401386,1401391,3.904785,grocery,correct,3,8,0.375
AMP067,4.630136986,M,1,3,7,pig,0,1401399,1401403,3.591289,bedroom,incorrect2,3,8,0.375
AMP067,4.630136986,M,1,3,8,cow,0,1401411,1401417,4.539151,library,incorrect2,3,8,0.375
AMP033,4.698630137,M,3,3,1,sheep,1,605987,606002.8,14.77764,bowling,correct,8,8,1
AMP033,4.698630137,M,3,3,2,cat,1,606008.9,606013.3,3.420035,museum,correct,8,8,1
AMP033,4.698630137,M,3,3,3,cow,1,606020.9,606029.1,7.256765,basketball,correct,8,8,1
AMP033,4.698630137,M,3,3,4,lion,1,606035.2,606040.2,4.068545,movie,correct,8,8,1
AMP033,4.698630137,M,3,3,5,pig,1,606047.8,606056.8,8.007659,baseball,correct,8,8,1
AMP033,4.698630137,M,3,3,6,monkey,1,606064.4,606069.9,4.437851,subway,correct,8,8,1
AMP033,4.698630137,M,3,3,7,dog,1,606077.4,606083,4.670752,bouncehouse,correct,8,8,1
AMP033,4.698630137,M,3,3,8,bear,1,606090.6,606098.3,6.703315,castle,correct,8,8,1
AMP109,3.964383562,M,2,3,1,dog,0,72235.75,72242.47,5.725267,bedroom,incorrect2,3,8,0.375
AMP109,3.964383562,M,2,3,2,monkey,1,72250.06,72254.72,3.651472,beach,correct,3,8,0.375
AMP109,3.964383562,M,2,3,3,cow,0,72260.79,72269.84,8.056617,car,incorrect1,3,8,0.375
AMP109,3.964383562,M,2,3,4,sheep,0,72277.38,72285.65,7.275214,castle,foil,3,8,0.375
AMP109,3.964383562,M,2,3,5,cat,0,72291.7,72297.18,4.481733,basketball,foil,3,8,0.375
AMP109,3.964383562,M,2,3,6,pig,1,72304.69,72312.12,6.428102,playground,correct,3,8,0.375
AMP109,3.964383562,M,2,3,7,lion,1,72319.68,72326.7,6.013794,street,correct,3,8,0.375
AMP109,3.964383562,M,2,3,8,bear,0,72332.81,72337.49,3.673842,bouncehouse,foil,3,8,0.375
AMP028,5.690410959,M,1,3,1,bear,1,344916.1,344926.3,9.180414,pool,correct,6,8,0.75
AMP028,5.690410959,M,1,3,2,monkey,1,344933.9,344940,5.172283,candy,correct,6,8,0.75
AMP028,5.690410959,M,1,3,3,sheep,1,344947.6,344950.6,1.942402,car,correct,6,8,0.75
AMP028,5.690410959,M,1,3,4,lion,1,344958.1,344961.9,2.845498,grocery,correct,6,8,0.75
AMP028,5.690410959,M,1,3,5,dog,1,344967.9,344971.8,2.810874,beach,correct,6,8,0.75
AMP028,5.690410959,M,1,3,6,pig,0,344979.3,344984.5,4.18764,bedroom,incorrect2,6,8,0.75
AMP028,5.690410959,M,1,3,7,cow,0,344992.1,344996.9,3.863545,castle,foil,6,8,0.75
AMP028,5.690410959,M,1,3,8,cat,1,345004.4,345008.5,3.090385,library,correct,6,8,0.75
AMP123,4.008219178,F,2,3,1,sheep,1,346216.7,346222.2,4.410554,bedroom,correct,3,8,0.375
AMP123,4.008219178,F,2,3,2,cat,0,346229.7,346235.5,4.806326,pool,incorrect1,3,8,0.375
AMP123,4.008219178,F,2,3,3,dog,1,346241.5,346245.6,3.103481,car,correct,3,8,0.375
AMP123,4.008219178,F,2,3,4,pig,0,346251.6,346257.6,4.989403,library,incorrect2,3,8,0.375
AMP123,4.008219178,F,2,3,5,bear,1,346265.2,346270.7,4.459812,library,correct,3,8,0.375
AMP123,4.008219178,F,2,3,6,cow,0,346278.3,346284.4,5.107779,car,incorrect1,3,8,0.375
AMP123,4.008219178,F,2,3,7,monkey,0,346291.9,346297.1,4.163671,pool,incorrect2,3,8,0.375
AMP123,4.008219178,F,2,3,8,lion,0,346304.7,346310.8,5.118608,bedroom,incorrect1,3,8,0.375
AMP088,4.293150685,F,3,3,1,bear,1,70629.95,70635.06,4.115942,castle,correct,6,8,0.75
AMP088,4.293150685,F,3,3,2,dog,1,70642.56,70646.95,3.393248,bouncehouse,correct,6,8,0.75
AMP088,4.293150685,F,3,3,3,cow,0,70654.52,70659.31,3.789215,museum,incorrect2,6,8,0.75
AMP088,4.293150685,F,3,3,4,monkey,1,70666.9,70672.17,4.272422,subway,correct,6,8,0.75
AMP088,4.293150685,F,3,3,5,lion,1,70678.18,70682.49,3.310341,movie,correct,6,8,0.75
AMP088,4.293150685,F,3,3,6,cat,1,70690.07,70695.97,4.898523,museum,correct,6,8,0.75
AMP088,4.293150685,F,3,3,7,sheep,1,70703.56,70708.48,3.919584,bowling,correct,6,8,0.75
AMP088,4.293150685,F,3,3,8,pig,0,70716.04,70722.77,5.727728,basketball,incorrect2,6,8,0.75
AMP001,4.789041096,F,4,3,1,pig,0,64290.37,64296.65,5.28316,bouncehouse,incorrect2,3,8,0.375
AMP001,4.789041096,F,4,3,2,monkey,1,64304.94,64310.6,4.660058,bouncehouse,correct,3,8,0.375
AMP001,4.789041096,F,4,3,3,dog,0,64318.25,64324.47,5.221801,baseball,incorrect2,3,8,0.375
AMP001,4.789041096,F,4,3,4,sheep,0,64332.23,64337.48,4.249212,bouncehouse,incorrect1,3,8,0.375
AMP001,4.789041096,F,4,3,5,cow,0,64343.64,64355.13,10.49022,museum,incorrect2,3,8,0.375
AMP001,4.789041096,F,4,3,6,cat,1,64362.73,64367.99,4.253967,baseball,correct,3,8,0.375
AMP001,4.789041096,F,4,3,7,bear,1,64374.1,64380.36,5.260457,museum,correct,3,8,0.375
AMP001,4.789041096,F,4,3,8,lion,0,64388.05,64392.22,3.167414,castle,incorrect1,3,8,0.375
AMP046,5.605479452,F,1,3,1,dog,0,163781.2,163786.4,4.19216,car,incorrect2,2,8,0.25
AMP046,5.605479452,F,1,3,2,bear,0,163794,163803.1,8.119691,bedroom,incorrect1,2,8,0.25
AMP046,5.605479452,F,1,3,3,cat,1,163809.1,163814,3.905776,library,correct,2,8,0.25
AMP046,5.605479452,F,1,3,4,sheep,0,163821.6,163831.6,9.000673,grocery,incorrect2,2,8,0.25
AMP046,5.605479452,F,1,3,5,cow,0,163839.2,163847,6.857868,library,incorrect2,2,8,0.25
AMP046,5.605479452,F,1,3,6,monkey,1,163854.6,163859.4,3.794119,candy,correct,2,8,0.25
AMP046,5.605479452,F,1,3,7,pig,0,163865.5,163870.3,3.810155,bedroom,incorrect2,2,8,0.25
AMP046,5.605479452,F,1,3,8,lion,0,163877.8,163883.5,4.673382,beach,incorrect1,2,8,0.25
AMP073,4.646575342,M,4,3,1,lion,0,73909.07,73913.88,3.811086,tent,incorrect2,1,8,0.125
AMP073,4.646575342,M,4,3,2,cow,1,73921.45,73929.67,7.225587,castle,correct,1,8,0.125
AMP073,4.646575342,M,4,3,3,pig,0,73935.7,73940.56,3.860564,bowling,incorrect1,1,8,0.125
AMP073,4.646575342,M,4,3,4,dog,0,73946.6,73952.16,4.558419,baseball,incorrect2,1,8,0.125
AMP073,4.646575342,M,4,3,5,sheep,0,73959.73,73964.83,4.099971,bedroom,foil,1,8,0.125
AMP073,4.646575342,M,4,3,6,cat,0,73972.38,73981.66,8.275506,mountain,foil,1,8,0.125
AMP073,4.646575342,M,4,3,7,bear,0,73987.74,73995.18,6.439913,baseball,incorrect1,1,8,0.125
AMP073,4.646575342,M,4,3,8,monkey,0,74002.76,74011.71,7.947049,barn,incorrect1,1,8,0.125
AMP017,3.778082192,M,3,3,1,pig,0,523843.7,523863.2,18.53132,basketball,incorrect2,0,8,0
AMP017,3.778082192,M,3,3,2,cat,0,523870.8,523887.8,15.95667,library,foil,0,8,0
AMP017,3.778082192,M,3,3,3,cow,0,523893.9,523924.6,29.70945,castle,incorrect1,0,8,0
AMP017,3.778082192,M,3,3,4,monkey,0,523932.3,523944.7,11.36327,car,foil,0,8,0
AMP017,3.778082192,M,3,3,5,bear,0,523952.3,523969.2,15.92609,playground,foil,0,8,0
AMP017,3.778082192,M,3,3,6,lion,0,523975.2,524003.3,27.0696,castle,incorrect2,0,8,0
AMP017,3.778082192,M,3,3,7,dog,0,524010.8,524042.1,30.25713,subway,incorrect2,0,8,0
AMP017,3.778082192,M,3,3,8,sheep,0,524049.7,524067.5,16.75779,bouncehouse,incorrect2,0,8,0
AMP048,5.619178082,F,2,3,1,sheep,0,195343.8,195349.6,4.780993,mountain,incorrect1,0,8,0
AMP048,5.619178082,F,2,3,2,pig,0,195357.2,195371.7,13.4634,library,incorrect2,0,8,0
AMP048,5.619178082,F,2,3,3,cow,0,195379.4,195392.2,11.82364,movie,foil,0,8,0
AMP048,5.619178082,F,2,3,4,bear,0,195398.4,195404.7,5.35648,car,incorrect2,0,8,0
AMP048,5.619178082,F,2,3,5,cat,0,195412.4,195423.2,9.84285,pool,incorrect1,0,8,0
AMP048,5.619178082,F,2,3,6,monkey,0,195429.4,195435.6,5.275932,museum,foil,0,8,0
AMP048,5.619178082,F,2,3,7,dog,0,195441.8,195448.2,5.421019,bedroom,incorrect2,0,8,0
AMP048,5.619178082,F,2,3,8,lion,0,195455.9,195466.7,9.865562,subway,foil,0,8,0
AMP100,5.621917808,F,1,3,1,monkey,0,281150.9,281154.9,3.002481,pool,incorrect1,6,8,0.75
AMP100,5.621917808,F,1,3,2,lion,1,281160.9,281164,2.109614,grocery,correct,6,8,0.75
AMP100,5.621917808,F,1,3,3,sheep,1,281171.6,281176.9,4.336213,car,correct,6,8,0.75
AMP100,5.621917808,F,1,3,4,cat,1,281184.4,281188.5,3.068004,library,correct,6,8,0.75
AMP100,5.621917808,F,1,3,5,bear,0,281194.5,281198.9,3.40509,bedroom,incorrect1,6,8,0.75
AMP100,5.621917808,F,1,3,6,pig,1,281205,281211.4,5.400045,mountain,correct,6,8,0.75
AMP100,5.621917808,F,1,3,7,cow,1,281218.9,281232.4,12.51664,bedroom,correct,6,8,0.75
AMP100,5.621917808,F,1,3,8,dog,1,281239.9,281244,3.078902,beach,correct,6,8,0.75
AMP009,5.832876712,F,4,3,1,monkey,1,798681.3,798689.2,6.895831,bouncehouse,correct,7,8,0.875
AMP009,5.832876712,F,4,3,2,cat,1,798696.9,798701.7,3.763965,baseball,correct,7,8,0.875
AMP009,5.832876712,F,4,3,3,lion,1,798709.5,798716.5,6.07006,barn,correct,7,8,0.875
AMP009,5.832876712,F,4,3,4,dog,0,798722.6,798728.7,5.115182,baseball,incorrect2,7,8,0.875
AMP009,5.832876712,F,4,3,5,bear,1,798736.4,798741.6,4.288272,museum,correct,7,8,0.875
AMP009,5.832876712,F,4,3,6,sheep,1,798749.2,798757.6,7.3605409999999996,basketball,correct,7,8,0.875
AMP009,5.832876712,F,4,3,7,cow,1,798765.2,798770.5,4.219802,castle,correct,7,8,0.875
AMP009,5.832876712,F,4,3,8,pig,1,798776.6,798781.8,4.274149,tent,correct,7,8,0.875
